stamp,year,month,day,hour,minute,weekday,holiday,daylight,rain,volume
2016-01-01 00:00:00,2016,1,1,0,0,5,0.5,0.0,0.0,2388
2016-01-01 00:30:00,2016,1,1,0,30,5,0.5,0.0,0.0,5496
2016-01-01 01:00:00,2016,1,1,1,0,5,0.5,0.0,0.0,5172
2016-01-01 01:30:00,2016,1,1,1,30,5,0.5,0.0,0.0,4464
2016-01-01 02:00:00,2016,1,1,2,0,5,0.5,0.0,0.0,3504
2016-01-01 02:30:00,2016,1,1,2,30,5,0.5,0.0,0.0,2664
2016-01-01 03:00:00,2016,1,1,3,0,5,0.5,0.0,0.0,2136
2016-01-01 03:30:00,2016,1,1,3,30,5,0.5,0.0,0.0,1452
2016-01-01 04:00:00,2016,1,1,4,0,5,0.5,0.0,0.0,1044
2016-01-01 04:30:00,2016,1,1,4,30,5,0.5,0.0,0.0,864
2016-01-01 05:00:00,2016,1,1,5,0,5,0.5,0.0,0.0,864
2016-01-01 05:30:00,2016,1,1,5,30,5,0.5,0.0,0.0,912
2016-01-01 06:00:00,2016,1,1,6,0,5,0.5,0.0,0.0,1116
2016-01-01 06:30:00,2016,1,1,6,30,5,0.5,0.0,0.0,1380
2016-01-01 07:00:00,2016,1,1,7,0,5,0.5,0.0,0.0,1620
2016-01-01 07:30:00,2016,1,1,7,30,5,0.5,0.0,0.0,1872
2016-01-01 08:00:00,2016,1,1,8,0,5,0.5,0.0,0.0,1968
2016-01-01 08:30:00,2016,1,1,8,30,5,0.5,0.0,0.0,2412
2016-01-01 09:00:00,2016,1,1,9,0,5,0.5,0.0,0.0,3084
2016-01-01 09:30:00,2016,1,1,9,30,5,0.5,0.0,0.0,3864
2016-01-01 10:00:00,2016,1,1,10,0,5,0.5,0.0,0.0,4500
2016-01-01 10:30:00,2016,1,1,10,30,5,0.5,0.0,0.0,5388
2016-01-01 11:00:00,2016,1,1,11,0,5,0.5,0.0,0.0,5880
2016-01-01 11:30:00,2016,1,1,11,30,5,0.5,0.0,0.0,6540
2016-01-01 12:00:00,2016,1,1,12,0,5,0.5,0.0,0.0,6996
2016-01-01 12:30:00,2016,1,1,12,30,5,0.5,0.0,0.0,7164
2016-01-01 13:00:00,2016,1,1,13,0,5,0.5,0.0,0.0,7008
2016-01-01 13:30:00,2016,1,1,13,30,5,0.5,0.0,0.0,7308
2016-01-01 14:00:00,2016,1,1,14,0,5,0.5,0.0,0.0,7452
2016-01-01 14:30:00,2016,1,1,14,30,5,0.5,0.0,0.0,7092
2016-01-01 15:00:00,2016,1,1,15,0,5,0.5,0.0,0.0,7512
2016-01-01 15:30:00,2016,1,1,15,30,5,0.5,0.0,0.0,6852
2016-01-01 16:00:00,2016,1,1,16,0,5,0.5,0.0,0.0,6360
2016-01-01 16:30:00,2016,1,1,16,30,5,0.5,0.0,0.0,6804
2016-01-01 17:00:00,2016,1,1,17,0,5,0.5,0.0,0.0,6120
2016-01-01 17:30:00,2016,1,1,17,30,5,0.5,0.0,0.0,5688
2016-01-01 18:00:00,2016,1,1,18,0,5,0.5,0.0,0.0,5616
2016-01-01 18:30:00,2016,1,1,18,30,5,0.5,0.0,0.0,5232
2016-01-01 19:00:00,2016,1,1,19,0,5,0.5,0.0,0.0,4764
2016-01-01 19:30:00,2016,1,1,19,30,5,0.5,0.0,0.0,4596
2016-01-01 20:00:00,2016,1,1,20,0,5,0.5,0.0,0.0,4428
2016-01-01 20:30:00,2016,1,1,20,30,5,0.5,0.0,0.0,3852
2016-01-01 21:00:00,2016,1,1,21,0,5,0.5,0.0,0.0,3876
2016-01-01 21:30:00,2016,1,1,21,30,5,0.5,0.0,0.0,3684
2016-01-01 22:00:00,2016,1,1,22,0,5,0.5,0.0,0.0,3444
2016-01-01 22:30:00,2016,1,1,22,30,5,0.5,0.0,0.0,2916
2016-01-01 23:00:00,2016,1,1,23,0,5,0.5,0.0,0.0,3048
2016-01-01 23:30:00,2016,1,1,23,30,5,0.5,0.0,0.0,2364
2016-01-02 00:00:00,2016,1,2,0,0,6,0.0,0.0,0.0,1692
2016-01-02 00:30:00,2016,1,2,0,30,6,0.0,0.0,0.0,1380
2016-01-02 01:00:00,2016,1,2,1,0,6,0.0,0.0,0.0,1164
2016-01-02 01:30:00,2016,1,2,1,30,6,0.0,0.0,0.0,960
2016-01-02 02:00:00,2016,1,2,2,0,6,0.0,0.0,0.0,936
2016-01-02 02:30:00,2016,1,2,2,30,6,0.0,0.0,0.0,732
2016-01-02 03:00:00,2016,1,2,3,0,6,0.0,0.0,0.0,648
2016-01-02 03:30:00,2016,1,2,3,30,6,0.0,0.0,0.0,552
2016-01-02 04:00:00,2016,1,2,4,0,6,0.0,0.0,0.0,528
2016-01-02 04:30:00,2016,1,2,4,30,6,0.0,0.0,0.0,528
2016-01-02 05:00:00,2016,1,2,5,0,6,0.0,0.0,0.0,828
2016-01-02 05:30:00,2016,1,2,5,30,6,0.0,0.0,0.0,1092
2016-01-02 06:00:00,2016,1,2,6,0,6,0.0,0.0,0.0,1284
2016-01-02 06:30:00,2016,1,2,6,30,6,0.0,0.0,0.0,1872
2016-01-02 07:00:00,2016,1,2,7,0,6,0.0,0.0,0.0,2352
2016-01-02 07:30:00,2016,1,2,7,30,6,0.0,0.0,0.0,2772
2016-01-02 08:00:00,2016,1,2,8,0,6,0.0,0.0,0.0,3144
2016-01-02 08:30:00,2016,1,2,8,30,6,0.0,0.0,0.0,4080
2016-01-02 09:00:00,2016,1,2,9,0,6,0.0,0.0,0.0,4524
2016-01-02 09:30:00,2016,1,2,9,30,6,0.0,0.0,0.0,5640
2016-01-02 10:00:00,2016,1,2,10,0,6,0.0,0.0,0.0,6360
2016-01-02 10:30:00,2016,1,2,10,30,6,0.0,0.0,0.0,6828
2016-01-02 11:00:00,2016,1,2,11,0,6,0.0,0.0,0.0,372
2016-01-02 11:30:00,2016,1,2,11,30,6,0.0,0.0,0.0,7608
2016-01-02 12:00:00,2016,1,2,12,0,6,0.0,0.0,0.0,8028
2016-01-02 12:30:00,2016,1,2,12,30,6,0.0,0.0,0.0,8016
2016-01-02 13:00:00,2016,1,2,13,0,6,0.0,0.0,0.0,8028
2016-01-02 13:30:00,2016,1,2,13,30,6,0.0,0.0,0.0,8004
2016-01-02 14:00:00,2016,1,2,14,0,6,0.0,0.0,0.0,8748
2016-01-02 14:30:00,2016,1,2,14,30,6,0.0,0.0,0.0,8556
2016-01-02 15:00:00,2016,1,2,15,0,6,0.0,0.0,0.0,8892
2016-01-02 15:30:00,2016,1,2,15,30,6,0.0,0.0,0.0,8328
2016-01-02 16:00:00,2016,1,2,16,0,6,0.0,0.0,0.0,8136
2016-01-02 16:30:00,2016,1,2,16,30,6,0.0,0.0,0.0,8220
2016-01-02 17:00:00,2016,1,2,17,0,6,0.0,0.0,0.0,8268
2016-01-02 17:30:00,2016,1,2,17,30,6,0.0,0.0,0.0,7776
2016-01-02 18:00:00,2016,1,2,18,0,6,0.0,0.0,0.0,7140
2016-01-02 18:30:00,2016,1,2,18,30,6,0.0,0.0,0.0,6600
2016-01-02 19:00:00,2016,1,2,19,0,6,0.0,0.0,0.0,6120
2016-01-02 19:30:00,2016,1,2,19,30,6,0.0,0.0,0.0,5736
2016-01-02 20:00:00,2016,1,2,20,0,6,0.0,0.0,0.0,5340
2016-01-02 20:30:00,2016,1,2,20,30,6,0.0,0.0,0.0,4704
2016-01-02 21:00:00,2016,1,2,21,0,6,0.0,0.0,0.0,4524
2016-01-02 21:30:00,2016,1,2,21,30,6,0.0,0.0,0.0,4332
2016-01-02 22:00:00,2016,1,2,22,0,6,0.0,0.0,0.0,4296
2016-01-02 22:30:00,2016,1,2,22,30,6,0.0,0.0,0.0,3696
2016-01-02 23:00:00,2016,1,2,23,0,6,0.0,0.0,0.0,3348
2016-01-02 23:30:00,2016,1,2,23,30,6,0.0,0.0,0.0,2772
2016-01-03 00:00:00,2016,1,3,0,0,7,0.0,0.0,0.0,2304
2016-01-03 00:30:00,2016,1,3,0,30,7,0.0,0.0,0.0,1968
2016-01-03 01:00:00,2016,1,3,1,0,7,0.0,0.0,0.0,1488
2016-01-03 01:30:00,2016,1,3,1,30,7,0.0,0.0,0.0,1248
2016-01-03 02:00:00,2016,1,3,2,0,7,0.0,0.0,0.0,1308
2016-01-03 02:30:00,2016,1,3,2,30,7,0.0,0.0,0.0,1092
2016-01-03 03:00:00,2016,1,3,3,0,7,0.0,0.0,0.0,864
2016-01-03 03:30:00,2016,1,3,3,30,7,0.0,0.0,0.0,732
2016-01-03 04:00:00,2016,1,3,4,0,7,0.0,0.0,0.0,576
2016-01-03 04:30:00,2016,1,3,4,30,7,0.0,0.0,0.0,516
2016-01-03 05:00:00,2016,1,3,5,0,7,0.0,0.0,0.0,732
2016-01-03 05:30:00,2016,1,3,5,30,7,0.0,0.0,0.0,876
2016-01-03 06:00:00,2016,1,3,6,0,7,0.0,0.0,0.0,1056
2016-01-03 06:30:00,2016,1,3,6,30,7,0.0,0.0,0.0,1308
2016-01-03 07:00:00,2016,1,3,7,0,7,0.0,0.0,0.0,1872
2016-01-03 07:30:00,2016,1,3,7,30,7,0.0,0.0,0.0,2244
2016-01-03 08:00:00,2016,1,3,8,0,7,0.0,0.0,0.0,2280
2016-01-03 08:30:00,2016,1,3,8,30,7,0.0,0.0,0.0,3108
2016-01-03 09:00:00,2016,1,3,9,0,7,0.0,0.0,0.0,3612
2016-01-03 09:30:00,2016,1,3,9,30,7,0.0,0.0,0.0,4788
2016-01-03 10:00:00,2016,1,3,10,0,7,0.0,0.0,0.0,5364
2016-01-03 10:30:00,2016,1,3,10,30,7,0.0,0.0,0.0,6240
2016-01-03 11:00:00,2016,1,3,11,0,7,0.0,0.0,0.0,6516
2016-01-03 11:30:00,2016,1,3,11,30,7,0.0,0.0,0.0,7188
2016-01-03 12:00:00,2016,1,3,12,0,7,0.0,0.0,0.0,7524
2016-01-03 12:30:00,2016,1,3,12,30,7,0.0,0.0,0.0,8148
2016-01-03 13:00:00,2016,1,3,13,0,7,0.0,0.0,0.0,7584
2016-01-03 13:30:00,2016,1,3,13,30,7,0.0,0.0,0.0,6828
2016-01-03 14:00:00,2016,1,3,14,0,7,0.0,0.0,0.0,7572
2016-01-03 14:30:00,2016,1,3,14,30,7,0.0,0.0,0.0,6336
2016-01-03 15:00:00,2016,1,3,15,0,7,0.0,0.0,0.0,6600
2016-01-03 15:30:00,2016,1,3,15,30,7,0.0,0.0,0.0,5964
2016-01-03 16:00:00,2016,1,3,16,0,7,0.0,0.0,0.0,6300
2016-01-03 16:30:00,2016,1,3,16,30,7,0.0,0.0,0.0,7200
2016-01-03 17:00:00,2016,1,3,17,0,7,0.0,0.0,0.0,7296
2016-01-03 17:30:00,2016,1,3,17,30,7,0.0,0.0,0.0,6480
2016-01-03 18:00:00,2016,1,3,18,0,7,0.0,0.0,0.0,5892
2016-01-03 18:30:00,2016,1,3,18,30,7,0.0,0.0,0.0,5256
2016-01-03 19:00:00,2016,1,3,19,0,7,0.0,0.0,0.0,4992
2016-01-03 19:30:00,2016,1,3,19,30,7,0.0,0.0,0.0,4884
2016-01-03 20:00:00,2016,1,3,20,0,7,0.0,0.0,0.0,4284
2016-01-03 20:30:00,2016,1,3,20,30,7,0.0,0.0,0.0,3948
2016-01-03 21:00:00,2016,1,3,21,0,7,0.0,0.0,0.0,3576
2016-01-03 21:30:00,2016,1,3,21,30,7,0.0,0.0,0.0,3420
2016-01-03 22:00:00,2016,1,3,22,0,7,0.0,0.0,0.0,2784
2016-01-03 22:30:00,2016,1,3,22,30,7,0.0,0.0,0.0,2244
2016-01-03 23:00:00,2016,1,3,23,0,7,0.0,0.0,0.0,2328
2016-01-03 23:30:00,2016,1,3,23,30,7,0.0,0.0,0.0,1596
2016-01-04 00:00:00,2016,1,4,0,0,1,0.0,0.0,0.0,1428
2016-01-04 00:30:00,2016,1,4,0,30,1,0.0,0.0,0.0,948
2016-01-04 01:00:00,2016,1,4,1,0,1,0.0,0.0,0.0,840
2016-01-04 01:30:00,2016,1,4,1,30,1,0.0,0.0,0.0,672
2016-01-04 02:00:00,2016,1,4,2,0,1,0.0,0.0,0.0,576
2016-01-04 02:30:00,2016,1,4,2,30,1,0.0,0.0,0.0,624
2016-01-04 03:00:00,2016,1,4,3,0,1,0.0,0.0,0.0,600
2016-01-04 03:30:00,2016,1,4,3,30,1,0.0,0.0,0.0,756
2016-01-04 04:00:00,2016,1,4,4,0,1,0.0,0.0,0.0,1068
2016-01-04 04:30:00,2016,1,4,4,30,1,0.0,0.0,0.0,1956
2016-01-04 05:00:00,2016,1,4,5,0,1,0.0,0.0,0.0,2604
2016-01-04 05:30:00,2016,1,4,5,30,1,0.0,0.0,0.0,3972
2016-01-04 06:00:00,2016,1,4,6,0,1,0.0,0.0,0.0,4716
2016-01-04 06:30:00,2016,1,4,6,30,1,0.0,0.0,0.0,6108
2016-01-04 07:00:00,2016,1,4,7,0,1,0.0,0.0,0.0,6372
2016-01-04 07:30:00,2016,1,4,7,30,1,0.0,0.0,0.0,7428
2016-01-04 08:00:00,2016,1,4,8,0,1,0.0,0.0,0.0,6828
2016-01-04 08:30:00,2016,1,4,8,30,1,0.0,0.0,0.0,6600
2016-01-04 09:00:00,2016,1,4,9,0,1,0.0,0.0,0.0,5988
2016-01-04 09:30:00,2016,1,4,9,30,1,0.0,0.0,0.0,5784
2016-01-04 10:00:00,2016,1,4,10,0,1,0.0,0.0,0.0,5880
2016-01-04 10:30:00,2016,1,4,10,30,1,0.0,0.0,0.0,5964
2016-01-04 11:00:00,2016,1,4,11,0,1,0.0,0.0,0.0,5976
2016-01-04 11:30:00,2016,1,4,11,30,1,0.0,0.0,0.0,6780
2016-01-04 12:00:00,2016,1,4,12,0,1,0.0,0.0,0.0,7260
2016-01-04 12:30:00,2016,1,4,12,30,1,0.0,0.0,0.0,7344
2016-01-04 13:00:00,2016,1,4,13,0,1,0.0,0.0,0.0,7128
2016-01-04 13:30:00,2016,1,4,13,30,1,0.0,0.0,0.0,8136
2016-01-04 14:00:00,2016,1,4,14,0,1,0.0,0.0,0.0,8628
2016-01-04 14:30:00,2016,1,4,14,30,1,0.0,0.0,0.0,9132
2016-01-04 15:00:00,2016,1,4,15,0,1,0.0,0.0,0.0,9300
2016-01-04 15:30:00,2016,1,4,15,30,1,0.0,0.0,0.0,9480
2016-01-04 16:00:00,2016,1,4,16,0,1,0.0,0.0,0.0,9744
2016-01-04 16:30:00,2016,1,4,16,30,1,0.0,0.0,0.0,9588
2016-01-04 17:00:00,2016,1,4,17,0,1,0.0,0.0,0.0,9300
2016-01-04 17:30:00,2016,1,4,17,30,1,0.0,0.0,0.0,9636
2016-01-04 18:00:00,2016,1,4,18,0,1,0.0,0.0,0.0,8796
2016-01-04 18:30:00,2016,1,4,18,30,1,0.0,0.0,0.0,7608
2016-01-04 19:00:00,2016,1,4,19,0,1,0.0,0.0,0.0,6648
2016-01-04 19:30:00,2016,1,4,19,30,1,0.0,0.0,0.0,5904
2016-01-04 20:00:00,2016,1,4,20,0,1,0.0,0.0,0.0,4872
2016-01-04 20:30:00,2016,1,4,20,30,1,0.0,0.0,0.0,4284
2016-01-04 21:00:00,2016,1,4,21,0,1,0.0,0.0,0.0,4116
2016-01-04 21:30:00,2016,1,4,21,30,1,0.0,0.0,0.0,3744
2016-01-04 22:00:00,2016,1,4,22,0,1,0.0,0.0,0.0,3276
2016-01-04 22:30:00,2016,1,4,22,30,1,0.0,0.0,0.0,2784
2016-01-04 23:00:00,2016,1,4,23,0,1,0.0,0.0,0.0,2436
2016-01-04 23:30:00,2016,1,4,23,30,1,0.0,0.0,0.0,1788
2016-01-05 00:00:00,2016,1,5,0,0,2,0.0,0.0,0.0,1368
2016-01-05 00:30:00,2016,1,5,0,30,2,0.0,0.0,0.0,1140
2016-01-05 01:00:00,2016,1,5,1,0,2,0.0,0.0,0.0,1044
2016-01-05 01:30:00,2016,1,5,1,30,2,0.0,0.0,0.0,816
2016-01-05 02:00:00,2016,1,5,2,0,2,0.0,0.0,0.0,732
2016-01-05 02:30:00,2016,1,5,2,30,2,0.0,0.0,0.0,684
2016-01-05 03:00:00,2016,1,5,3,0,2,0.0,0.0,0.0,648
2016-01-05 03:30:00,2016,1,5,3,30,2,0.0,0.0,0.0,888
2016-01-05 04:00:00,2016,1,5,4,0,2,0.0,0.0,0.0,1056
2016-01-05 04:30:00,2016,1,5,4,30,2,0.0,0.0,0.0,1764
2016-01-05 05:00:00,2016,1,5,5,0,2,0.0,0.0,0.0,2628
2016-01-05 05:30:00,2016,1,5,5,30,2,0.0,0.0,0.0,3816
2016-01-05 06:00:00,2016,1,5,6,0,2,0.0,0.0,0.0,4704
2016-01-05 06:30:00,2016,1,5,6,30,2,0.0,0.0,0.0,6180
2016-01-05 07:00:00,2016,1,5,7,0,2,0.0,0.0,0.0,7044
2016-01-05 07:30:00,2016,1,5,7,30,2,0.0,0.0,0.0,7968
2016-01-05 08:00:00,2016,1,5,8,0,2,0.0,0.0,0.0,7512
2016-01-05 08:30:00,2016,1,5,8,30,2,0.0,0.0,0.0,7224
2016-01-05 09:00:00,2016,1,5,9,0,2,0.0,0.0,0.0,6432
2016-01-05 09:30:00,2016,1,5,9,30,2,0.0,0.0,0.0,6024
2016-01-05 10:00:00,2016,1,5,10,0,2,0.0,0.0,0.0,6120
2016-01-05 10:30:00,2016,1,5,10,30,2,0.0,0.0,0.0,6132
2016-01-05 11:00:00,2016,1,5,11,0,2,0.0,0.0,0.0,6588
2016-01-05 11:30:00,2016,1,5,11,30,2,0.0,0.0,0.0,7356
2016-01-05 12:00:00,2016,1,5,12,0,2,0.0,0.0,0.0,7308
2016-01-05 12:30:00,2016,1,5,12,30,2,0.0,0.0,0.0,7920
2016-01-05 13:00:00,2016,1,5,13,0,2,0.0,0.0,0.0,7620
2016-01-05 13:30:00,2016,1,5,13,30,2,0.0,0.0,0.0,8268
2016-01-05 14:00:00,2016,1,5,14,0,2,0.0,0.0,0.0,8604
2016-01-05 14:30:00,2016,1,5,14,30,2,0.0,0.0,0.0,8916
2016-01-05 15:00:00,2016,1,5,15,0,2,0.0,0.0,0.0,9120
2016-01-05 15:30:00,2016,1,5,15,30,2,0.0,0.0,0.0,8940
2016-01-05 16:00:00,2016,1,5,16,0,2,0.0,0.0,0.0,8076
2016-01-05 16:30:00,2016,1,5,16,30,2,0.0,0.0,0.0,8280
2016-01-05 17:00:00,2016,1,5,17,0,2,0.0,0.0,0.0,8412
2016-01-05 17:30:00,2016,1,5,17,30,2,0.0,0.0,0.0,8640
2016-01-05 18:00:00,2016,1,5,18,0,2,0.0,0.0,0.0,9132
2016-01-05 18:30:00,2016,1,5,18,30,2,0.0,0.0,0.0,8904
2016-01-05 19:00:00,2016,1,5,19,0,2,0.0,0.0,0.0,8616
2016-01-05 19:30:00,2016,1,5,19,30,2,0.0,0.0,0.0,3840
2016-01-05 20:00:00,2016,1,5,20,0,2,0.0,0.0,0.0,2892
2016-01-05 20:30:00,2016,1,5,20,30,2,0.0,0.0,0.0,4968
2016-01-05 21:00:00,2016,1,5,21,0,2,0.0,0.0,0.0,4908
2016-01-05 21:30:00,2016,1,5,21,30,2,0.0,0.0,0.0,4248
2016-01-05 22:00:00,2016,1,5,22,0,2,0.0,0.0,0.0,3948
2016-01-05 22:30:00,2016,1,5,22,30,2,0.0,0.0,0.0,3084
2016-01-05 23:00:00,2016,1,5,23,0,2,0.0,0.0,0.0,2592
2016-01-05 23:30:00,2016,1,5,23,30,2,0.0,0.0,0.0,1992
2016-01-06 00:00:00,2016,1,6,0,0,3,0.0,0.0,0.0,1548
2016-01-06 00:30:00,2016,1,6,0,30,3,0.0,0.0,0.0,1212
2016-01-06 01:00:00,2016,1,6,1,0,3,0.0,0.0,0.0,864
2016-01-06 01:30:00,2016,1,6,1,30,3,0.0,0.0,0.0,756
2016-01-06 02:00:00,2016,1,6,2,0,3,0.0,0.0,0.0,624
2016-01-06 02:30:00,2016,1,6,2,30,3,0.0,0.0,0.0,720
2016-01-06 03:00:00,2016,1,6,3,0,3,0.0,0.0,0.0,684
2016-01-06 03:30:00,2016,1,6,3,30,3,0.0,0.0,0.0,876
2016-01-06 04:00:00,2016,1,6,4,0,3,0.0,0.0,0.0,1176
2016-01-06 04:30:00,2016,1,6,4,30,3,0.0,0.0,0.0,1908
2016-01-06 05:00:00,2016,1,6,5,0,3,0.0,0.0,0.0,2664
2016-01-06 05:30:00,2016,1,6,5,30,3,0.0,0.0,0.0,3984
2016-01-06 06:00:00,2016,1,6,6,0,3,0.0,0.0,0.0,4620
2016-01-06 06:30:00,2016,1,6,6,30,3,0.0,0.0,0.0,6300
2016-01-06 07:00:00,2016,1,6,7,0,3,0.0,0.0,0.0,7032
2016-01-06 07:30:00,2016,1,6,7,30,3,0.0,0.0,0.0,8424
2016-01-06 08:00:00,2016,1,6,8,0,3,0.0,0.0,0.0,7572
2016-01-06 08:30:00,2016,1,6,8,30,3,0.0,0.0,0.0,7296
2016-01-06 09:00:00,2016,1,6,9,0,3,0.0,0.0,0.0,6384
2016-01-06 09:30:00,2016,1,6,9,30,3,0.0,0.0,0.0,6384
2016-01-06 10:00:00,2016,1,6,10,0,3,0.0,0.0,0.0,6312
2016-01-06 10:30:00,2016,1,6,10,30,3,0.0,0.0,0.0,6408
2016-01-06 11:00:00,2016,1,6,11,0,3,0.0,0.0,0.0,6540
2016-01-06 11:30:00,2016,1,6,11,30,3,0.0,0.0,0.0,7308
2016-01-06 12:00:00,2016,1,6,12,0,3,0.0,0.0,0.0,7788
2016-01-06 12:30:00,2016,1,6,12,30,3,0.0,0.0,0.0,8040
2016-01-06 13:00:00,2016,1,6,13,0,3,0.0,0.0,0.0,8232
2016-01-06 13:30:00,2016,1,6,13,30,3,0.0,0.0,0.0,8412
2016-01-06 14:00:00,2016,1,6,14,0,3,0.0,0.0,0.0,9720
2016-01-06 14:30:00,2016,1,6,14,30,3,0.0,0.0,0.0,9780
2016-01-06 15:00:00,2016,1,6,15,0,3,0.0,0.0,0.0,9948
2016-01-06 15:30:00,2016,1,6,15,30,3,0.0,0.0,0.0,9372
2016-01-06 16:00:00,2016,1,6,16,0,3,0.0,0.0,0.0,8688
2016-01-06 16:30:00,2016,1,6,16,30,3,0.0,0.0,0.0,8652
2016-01-06 17:00:00,2016,1,6,17,0,3,0.0,0.0,0.0,8448
2016-01-06 17:30:00,2016,1,6,17,30,3,0.0,0.0,0.0,9264
2016-01-06 18:00:00,2016,1,6,18,0,3,0.0,0.0,0.0,9312
2016-01-06 18:30:00,2016,1,6,18,30,3,0.0,0.0,0.0,9132
2016-01-06 19:00:00,2016,1,6,19,0,3,0.0,0.0,0.0,7716
2016-01-06 19:30:00,2016,1,6,19,30,3,0.0,0.0,0.0,6504
2016-01-06 20:00:00,2016,1,6,20,0,3,0.0,0.0,0.0,5964
2016-01-06 20:30:00,2016,1,6,20,30,3,0.0,0.0,0.0,5328
2016-01-06 21:00:00,2016,1,6,21,0,3,0.0,0.0,0.0,5184
2016-01-06 21:30:00,2016,1,6,21,30,3,0.0,0.0,0.0,4464
2016-01-06 22:00:00,2016,1,6,22,0,3,0.0,0.0,0.0,3960
2016-01-06 22:30:00,2016,1,6,22,30,3,0.0,0.0,0.0,3072
2016-01-06 23:00:00,2016,1,6,23,0,3,0.0,0.0,0.0,2616
2016-01-06 23:30:00,2016,1,6,23,30,3,0.0,0.0,0.0,2064
2016-01-07 00:00:00,2016,1,7,0,0,4,0.0,0.0,0.0,1500
2016-01-07 00:30:00,2016,1,7,0,30,4,0.0,0.0,0.0,1428
2016-01-07 01:00:00,2016,1,7,1,0,4,0.0,0.0,0.0,996
2016-01-07 01:30:00,2016,1,7,1,30,4,0.0,0.0,0.0,696
2016-01-07 02:00:00,2016,1,7,2,0,4,0.0,0.0,0.0,768
2016-01-07 02:30:00,2016,1,7,2,30,4,0.0,0.0,0.0,804
2016-01-07 03:00:00,2016,1,7,3,0,4,0.0,0.0,0.0,744
2016-01-07 03:30:00,2016,1,7,3,30,4,0.0,0.0,0.0,900
2016-01-07 04:00:00,2016,1,7,4,0,4,0.0,0.0,0.0,1176
2016-01-07 04:30:00,2016,1,7,4,30,4,0.0,0.0,0.0,1860
2016-01-07 05:00:00,2016,1,7,5,0,4,0.0,0.0,0.0,2472
2016-01-07 05:30:00,2016,1,7,5,30,4,0.0,0.0,0.0,3948
2016-01-07 06:00:00,2016,1,7,6,0,4,0.0,0.0,0.0,4980
2016-01-07 06:30:00,2016,1,7,6,30,4,0.0,0.0,0.0,6264
2016-01-07 07:00:00,2016,1,7,7,0,4,0.0,0.0,0.0,7044
2016-01-07 07:30:00,2016,1,7,7,30,4,0.0,0.0,0.0,8352
2016-01-07 08:00:00,2016,1,7,8,0,4,0.0,0.0,0.0,7452
2016-01-07 08:30:00,2016,1,7,8,30,4,0.0,0.0,0.0,7764
2016-01-07 09:00:00,2016,1,7,9,0,4,0.0,0.0,0.0,6312
2016-01-07 09:30:00,2016,1,7,9,30,4,0.0,0.0,0.0,6180
2016-01-07 10:00:00,2016,1,7,10,0,4,0.0,0.0,0.0,6384
2016-01-07 10:30:00,2016,1,7,10,30,4,0.0,0.0,0.0,6552
2016-01-07 11:00:00,2016,1,7,11,0,4,0.0,0.0,0.0,6912
2016-01-07 11:30:00,2016,1,7,11,30,4,0.0,0.0,0.0,7560
2016-01-07 12:00:00,2016,1,7,12,0,4,0.0,0.0,0.0,7752
2016-01-07 12:30:00,2016,1,7,12,30,4,0.0,0.0,0.0,8136
2016-01-07 13:00:00,2016,1,7,13,0,4,0.0,0.0,0.0,7860
2016-01-07 13:30:00,2016,1,7,13,30,4,0.0,0.0,0.0,8964
2016-01-07 14:00:00,2016,1,7,14,0,4,0.0,0.0,0.0,9732
2016-01-07 14:30:00,2016,1,7,14,30,4,0.0,0.0,0.0,9996
2016-01-07 15:00:00,2016,1,7,15,0,4,0.0,0.0,0.0,10188
2016-01-07 15:30:00,2016,1,7,15,30,4,0.0,0.0,0.0,9984
2016-01-07 16:00:00,2016,1,7,16,0,4,0.0,0.0,0.0,9900
2016-01-07 16:30:00,2016,1,7,16,30,4,0.0,0.0,0.0,9420
2016-01-07 17:00:00,2016,1,7,17,0,4,0.0,0.0,0.0,9300
2016-01-07 17:30:00,2016,1,7,17,30,4,0.0,0.0,0.0,9000
2016-01-07 18:00:00,2016,1,7,18,0,4,0.0,0.0,0.0,9552
2016-01-07 18:30:00,2016,1,7,18,30,4,0.0,0.0,0.0,9300
2016-01-07 19:00:00,2016,1,7,19,0,4,0.0,0.0,0.0,7932
2016-01-07 19:30:00,2016,1,7,19,30,4,0.0,0.0,0.0,6888
2016-01-07 20:00:00,2016,1,7,20,0,4,0.0,0.0,0.0,5856
2016-01-07 20:30:00,2016,1,7,20,30,4,0.0,0.0,0.0,5076
2016-01-07 21:00:00,2016,1,7,21,0,4,0.0,0.0,0.0,5352
2016-01-07 21:30:00,2016,1,7,21,30,4,0.0,0.0,0.0,4572
2016-01-07 22:00:00,2016,1,7,22,0,4,0.0,0.0,0.0,4056
2016-01-07 22:30:00,2016,1,7,22,30,4,0.0,0.0,0.0,3492
2016-01-07 23:00:00,2016,1,7,23,0,4,0.0,0.0,0.0,2904
2016-01-07 23:30:00,2016,1,7,23,30,4,0.0,0.0,0.0,2604
2016-01-08 00:00:00,2016,1,8,0,0,5,0.0,0.0,0.0,1920
2016-01-08 00:30:00,2016,1,8,0,30,5,0.0,0.0,0.0,1488
2016-01-08 01:00:00,2016,1,8,1,0,5,0.0,0.0,0.0,960
2016-01-08 01:30:00,2016,1,8,1,30,5,0.0,0.0,0.0,948
2016-01-08 02:00:00,2016,1,8,2,0,5,0.0,0.0,0.0,708
2016-01-08 02:30:00,2016,1,8,2,30,5,0.0,0.0,0.0,852
2016-01-08 03:00:00,2016,1,8,3,0,5,0.0,0.0,0.0,768
2016-01-08 03:30:00,2016,1,8,3,30,5,0.0,0.0,0.0,840
2016-01-08 04:00:00,2016,1,8,4,0,5,0.0,0.0,0.0,1104
2016-01-08 04:30:00,2016,1,8,4,30,5,0.0,0.0,0.0,1812
2016-01-08 05:00:00,2016,1,8,5,0,5,0.0,0.0,0.0,2352
2016-01-08 05:30:00,2016,1,8,5,30,5,0.0,0.0,0.0,3984
2016-01-08 06:00:00,2016,1,8,6,0,5,0.0,0.0,0.0,4668
2016-01-08 06:30:00,2016,1,8,6,30,5,0.0,0.0,0.0,6264
2016-01-08 07:00:00,2016,1,8,7,0,5,0.0,0.0,0.0,6840
2016-01-08 07:30:00,2016,1,8,7,30,5,0.0,0.0,0.0,8196
2016-01-08 08:00:00,2016,1,8,8,0,5,0.0,0.0,0.0,7152
2016-01-08 08:30:00,2016,1,8,8,30,5,0.0,0.0,0.0,7440
2016-01-08 09:00:00,2016,1,8,9,0,5,0.0,0.0,0.0,5856
2016-01-08 09:30:00,2016,1,8,9,30,5,0.0,0.0,0.0,6384
2016-01-08 10:00:00,2016,1,8,10,0,5,0.0,0.0,0.0,6516
2016-01-08 10:30:00,2016,1,8,10,30,5,0.0,0.0,0.0,6840
2016-01-08 11:00:00,2016,1,8,11,0,5,0.0,0.0,0.0,7164
2016-01-08 11:30:00,2016,1,8,11,30,5,0.0,0.0,0.0,7932
2016-01-08 12:00:00,2016,1,8,12,0,5,0.0,0.0,0.0,8364
2016-01-08 12:30:00,2016,1,8,12,30,5,0.0,0.0,0.0,8580
2016-01-08 13:00:00,2016,1,8,13,0,5,0.0,0.0,0.0,8856
2016-01-08 13:30:00,2016,1,8,13,30,5,0.0,0.0,0.0,6576
2016-01-08 14:00:00,2016,1,8,14,0,5,0.0,0.0,0.0,8772
2016-01-08 14:30:00,2016,1,8,14,30,5,0.0,0.0,0.0,9096
2016-01-08 15:00:00,2016,1,8,15,0,5,0.0,0.0,0.0,9108
2016-01-08 15:30:00,2016,1,8,15,30,5,0.0,0.0,0.0,9612
2016-01-08 16:00:00,2016,1,8,16,0,5,0.0,0.0,0.0,9132
2016-01-08 16:30:00,2016,1,8,16,30,5,0.0,0.0,0.0,9612
2016-01-08 17:00:00,2016,1,8,17,0,5,0.0,0.0,0.0,9084
2016-01-08 17:30:00,2016,1,8,17,30,5,0.0,0.0,0.0,9192
2016-01-08 18:00:00,2016,1,8,18,0,5,0.0,0.0,0.0,9480
2016-01-08 18:30:00,2016,1,8,18,30,5,0.0,0.0,0.0,9084
2016-01-08 19:00:00,2016,1,8,19,0,5,0.0,0.0,0.0,8556
2016-01-08 19:30:00,2016,1,8,19,30,5,0.0,0.0,0.0,7296
2016-01-08 20:00:00,2016,1,8,20,0,5,0.0,0.0,0.0,6024
2016-01-08 20:30:00,2016,1,8,20,30,5,0.0,0.0,0.0,5004
2016-01-08 21:00:00,2016,1,8,21,0,5,0.0,0.0,0.0,4992
2016-01-08 21:30:00,2016,1,8,21,30,5,0.0,0.0,0.0,5124
2016-01-08 22:00:00,2016,1,8,22,0,5,0.0,0.0,0.0,4848
2016-01-08 22:30:00,2016,1,8,22,30,5,0.0,0.0,0.0,4212
2016-01-08 23:00:00,2016,1,8,23,0,5,0.0,0.0,0.0,3792
2016-01-08 23:30:00,2016,1,8,23,30,5,0.0,0.0,0.0,3000
2016-01-09 00:00:00,2016,1,9,0,0,6,0.0,0.0,0.0,2412
2016-01-09 00:30:00,2016,1,9,0,30,6,0.0,0.0,0.0,2040
2016-01-09 01:00:00,2016,1,9,1,0,6,0.0,0.0,0.0,1668
2016-01-09 01:30:00,2016,1,9,1,30,6,0.0,0.0,0.0,1560
2016-01-09 02:00:00,2016,1,9,2,0,6,0.0,0.0,0.0,1404
2016-01-09 02:30:00,2016,1,9,2,30,6,0.0,0.0,0.0,1104
2016-01-09 03:00:00,2016,1,9,3,0,6,0.0,0.0,0.0,996
2016-01-09 03:30:00,2016,1,9,3,30,6,0.0,0.0,0.0,828
2016-01-09 04:00:00,2016,1,9,4,0,6,0.0,0.0,0.0,684
2016-01-09 04:30:00,2016,1,9,4,30,6,0.0,0.0,0.0,924
2016-01-09 05:00:00,2016,1,9,5,0,6,0.0,0.0,0.0,1020
2016-01-09 05:30:00,2016,1,9,5,30,6,0.0,0.0,0.0,1332
2016-01-09 06:00:00,2016,1,9,6,0,6,0.0,0.0,0.0,1740
2016-01-09 06:30:00,2016,1,9,6,30,6,0.0,0.0,0.0,2472
2016-01-09 07:00:00,2016,1,9,7,0,6,0.0,0.0,0.0,3228
2016-01-09 07:30:00,2016,1,9,7,30,6,0.0,0.0,0.0,3912
2016-01-09 08:00:00,2016,1,9,8,0,6,0.0,0.0,0.0,3960
2016-01-09 08:30:00,2016,1,9,8,30,6,0.0,0.0,0.0,5184
2016-01-09 09:00:00,2016,1,9,9,0,6,0.0,0.0,0.0,5316
2016-01-09 09:30:00,2016,1,9,9,30,6,0.0,0.0,0.0,6252
2016-01-09 10:00:00,2016,1,9,10,0,6,0.0,0.0,0.0,6744
2016-01-09 10:30:00,2016,1,9,10,30,6,0.0,0.0,0.0,7056
2016-01-09 11:00:00,2016,1,9,11,0,6,0.0,0.0,0.0,7716
2016-01-09 11:30:00,2016,1,9,11,30,6,0.0,0.0,0.0,8436
2016-01-09 12:00:00,2016,1,9,12,0,6,0.0,0.0,0.0,8424
2016-01-09 12:30:00,2016,1,9,12,30,6,0.0,0.0,0.0,8736
2016-01-09 13:00:00,2016,1,9,13,0,6,0.0,0.0,0.0,8292
2016-01-09 13:30:00,2016,1,9,13,30,6,0.0,0.0,0.0,8508
2016-01-09 14:00:00,2016,1,9,14,0,6,0.0,0.0,0.0,8952
2016-01-09 14:30:00,2016,1,9,14,30,6,0.0,0.0,0.0,9192
2016-01-09 15:00:00,2016,1,9,15,0,6,0.0,0.0,0.0,9120
2016-01-09 15:30:00,2016,1,9,15,30,6,0.0,0.0,0.0,8832
2016-01-09 16:00:00,2016,1,9,16,0,6,0.0,0.0,0.0,8784
2016-01-09 16:30:00,2016,1,9,16,30,6,0.0,0.0,0.0,9312
2016-01-09 17:00:00,2016,1,9,17,0,6,0.0,0.0,0.0,8580
2016-01-09 17:30:00,2016,1,9,17,30,6,0.0,0.0,0.0,8340
2016-01-09 18:00:00,2016,1,9,18,0,6,0.0,0.0,0.0,8076
2016-01-09 18:30:00,2016,1,9,18,30,6,0.0,0.0,0.0,6960
2016-01-09 19:00:00,2016,1,9,19,0,6,0.0,0.0,0.0,6348
2016-01-09 19:30:00,2016,1,9,19,30,6,0.0,0.0,0.0,6024
2016-01-09 20:00:00,2016,1,9,20,0,6,0.0,0.0,0.0,5196
2016-01-09 20:30:00,2016,1,9,20,30,6,0.0,0.0,0.0,4368
2016-01-09 21:00:00,2016,1,9,21,0,6,0.0,0.0,0.0,5268
2016-01-09 21:30:00,2016,1,9,21,30,6,0.0,0.0,0.0,5208
2016-01-09 22:00:00,2016,1,9,22,0,6,0.0,0.0,0.0,4872
2016-01-09 22:30:00,2016,1,9,22,30,6,0.0,0.0,0.0,4152
2016-01-09 23:00:00,2016,1,9,23,0,6,0.0,0.0,0.0,3780
2016-01-09 23:30:00,2016,1,9,23,30,6,0.0,0.0,0.0,3000
2016-01-10 00:00:00,2016,1,10,0,0,7,0.0,0.0,0.0,2532
2016-01-10 00:30:00,2016,1,10,0,30,7,0.0,0.0,0.0,2004
2016-01-10 01:00:00,2016,1,10,1,0,7,0.0,0.0,0.0,1644
2016-01-10 01:30:00,2016,1,10,1,30,7,0.0,0.0,0.0,1524
2016-01-10 02:00:00,2016,1,10,2,0,7,0.0,0.0,0.0,1368
2016-01-10 02:30:00,2016,1,10,2,30,7,0.0,0.0,0.0,1224
2016-01-10 03:00:00,2016,1,10,3,0,7,0.0,0.0,0.0,804
2016-01-10 03:30:00,2016,1,10,3,30,7,0.0,0.0,0.0,780
2016-01-10 04:00:00,2016,1,10,4,0,7,0.0,0.0,0.0,492
2016-01-10 04:30:00,2016,1,10,4,30,7,0.0,0.0,0.0,588
2016-01-10 05:00:00,2016,1,10,5,0,7,0.0,0.0,0.0,672
2016-01-10 05:30:00,2016,1,10,5,30,7,0.0,0.0,0.0,792
2016-01-10 06:00:00,2016,1,10,6,0,7,0.0,0.0,0.0,1176
2016-01-10 06:30:00,2016,1,10,6,30,7,0.0,0.0,0.0,1608
2016-01-10 07:00:00,2016,1,10,7,0,7,0.0,0.0,0.0,1884
2016-01-10 07:30:00,2016,1,10,7,30,7,0.0,0.0,0.0,2424
2016-01-10 08:00:00,2016,1,10,8,0,7,0.0,0.0,0.0,2808
2016-01-10 08:30:00,2016,1,10,8,30,7,0.0,0.0,0.0,3660
2016-01-10 09:00:00,2016,1,10,9,0,7,0.0,0.0,0.0,4968
2016-01-10 09:30:00,2016,1,10,9,30,7,0.0,0.0,0.0,6780
2016-01-10 10:00:00,2016,1,10,10,0,7,0.0,0.0,0.0,5520
2016-01-10 10:30:00,2016,1,10,10,30,7,0.0,0.0,0.0,5304
2016-01-10 11:00:00,2016,1,10,11,0,7,0.0,0.0,0.0,4860
2016-01-10 11:30:00,2016,1,10,11,30,7,0.0,0.0,0.0,5184
2016-01-10 12:00:00,2016,1,10,12,0,7,0.0,0.0,0.0,5532
2016-01-10 12:30:00,2016,1,10,12,30,7,0.0,0.0,0.0,5484
2016-01-10 13:00:00,2016,1,10,13,0,7,0.0,0.0,0.0,6168
2016-01-10 13:30:00,2016,1,10,13,30,7,0.0,0.0,0.0,8604
2016-01-10 14:00:00,2016,1,10,14,0,7,0.0,0.0,0.0,8256
2016-01-10 14:30:00,2016,1,10,14,30,7,0.0,0.0,0.0,7944
2016-01-10 15:00:00,2016,1,10,15,0,7,0.0,0.0,0.0,7800
2016-01-10 15:30:00,2016,1,10,15,30,7,0.0,0.0,0.0,7692
2016-01-10 16:00:00,2016,1,10,16,0,7,0.0,0.0,0.0,7548
2016-01-10 16:30:00,2016,1,10,16,30,7,0.0,0.0,0.0,7584
2016-01-10 17:00:00,2016,1,10,17,0,7,0.0,0.0,0.0,7776
2016-01-10 17:30:00,2016,1,10,17,30,7,0.0,0.0,0.0,7452
2016-01-10 18:00:00,2016,1,10,18,0,7,0.0,0.0,0.0,6960
2016-01-10 18:30:00,2016,1,10,18,30,7,0.0,0.0,0.0,5808
2016-01-10 19:00:00,2016,1,10,19,0,7,0.0,0.0,0.0,5484
2016-01-10 19:30:00,2016,1,10,19,30,7,0.0,0.0,0.0,5652
2016-01-10 20:00:00,2016,1,10,20,0,7,0.0,0.0,0.0,4764
2016-01-10 20:30:00,2016,1,10,20,30,7,0.0,0.0,0.0,4104
2016-01-10 21:00:00,2016,1,10,21,0,7,0.0,0.0,0.0,3996
2016-01-10 21:30:00,2016,1,10,21,30,7,0.0,0.0,0.0,3480
2016-01-10 22:00:00,2016,1,10,22,0,7,0.0,0.0,0.0,3300
2016-01-10 22:30:00,2016,1,10,22,30,7,0.0,0.0,0.0,2436
2016-01-10 23:00:00,2016,1,10,23,0,7,0.0,0.0,0.0,2268
2016-01-10 23:30:00,2016,1,10,23,30,7,0.0,0.0,0.0,1668
2016-01-11 00:00:00,2016,1,11,0,0,1,0.0,0.0,0.0,1272
2016-01-11 00:30:00,2016,1,11,0,30,1,0.0,0.0,0.0,972
2016-01-11 01:00:00,2016,1,11,1,0,1,0.0,0.0,0.0,732
2016-01-11 01:30:00,2016,1,11,1,30,1,0.0,0.0,0.0,624
2016-01-11 02:00:00,2016,1,11,2,0,1,0.0,0.0,0.0,528
2016-01-11 02:30:00,2016,1,11,2,30,1,0.0,0.0,0.0,540
2016-01-11 03:00:00,2016,1,11,3,0,1,0.0,0.0,0.0,564
2016-01-11 03:30:00,2016,1,11,3,30,1,0.0,0.0,0.0,828
2016-01-11 04:00:00,2016,1,11,4,0,1,0.0,0.0,0.0,1128
2016-01-11 04:30:00,2016,1,11,4,30,1,0.0,0.0,0.0,1824
2016-01-11 05:00:00,2016,1,11,5,0,1,0.0,0.0,0.0,2700
2016-01-11 05:30:00,2016,1,11,5,30,1,0.0,0.0,0.0,4212
2016-01-11 06:00:00,2016,1,11,6,0,1,0.0,0.0,0.0,4692
2016-01-11 06:30:00,2016,1,11,6,30,1,0.0,0.0,0.0,6348
2016-01-11 07:00:00,2016,1,11,7,0,1,0.0,0.0,0.0,7080
2016-01-11 07:30:00,2016,1,11,7,30,1,0.0,0.0,0.0,8436
2016-01-11 08:00:00,2016,1,11,8,0,1,0.0,0.0,0.0,7560
2016-01-11 08:30:00,2016,1,11,8,30,1,0.0,0.0,0.0,6864
2016-01-11 09:00:00,2016,1,11,9,0,1,0.0,0.0,0.0,5976
2016-01-11 09:30:00,2016,1,11,9,30,1,0.0,0.0,0.0,6288
2016-01-11 10:00:00,2016,1,11,10,0,1,0.0,0.0,0.0,6084
2016-01-11 10:30:00,2016,1,11,10,30,1,0.0,0.0,0.0,6216
2016-01-11 11:00:00,2016,1,11,11,0,1,0.0,0.0,0.0,6132
2016-01-11 11:30:00,2016,1,11,11,30,1,0.0,0.0,0.0,6900
2016-01-11 12:00:00,2016,1,11,12,0,1,0.0,0.0,0.0,7728
2016-01-11 12:30:00,2016,1,11,12,30,1,0.0,0.0,0.0,7524
2016-01-11 13:00:00,2016,1,11,13,0,1,0.0,0.0,0.0,7932
2016-01-11 13:30:00,2016,1,11,13,30,1,0.0,0.0,0.0,8196
2016-01-11 14:00:00,2016,1,11,14,0,1,0.0,0.0,0.0,8832
2016-01-11 14:30:00,2016,1,11,14,30,1,0.0,0.0,0.0,9396
2016-01-11 15:00:00,2016,1,11,15,0,1,0.0,0.0,0.0,9660
2016-01-11 15:30:00,2016,1,11,15,30,1,0.0,0.0,0.0,9720
2016-01-11 16:00:00,2016,1,11,16,0,1,0.0,0.0,0.0,9012
2016-01-11 16:30:00,2016,1,11,16,30,1,0.0,0.0,0.0,9024
2016-01-11 17:00:00,2016,1,11,17,0,1,0.0,0.0,0.0,8892
2016-01-11 17:30:00,2016,1,11,17,30,1,0.0,0.0,0.0,9216
2016-01-11 18:00:00,2016,1,11,18,0,1,0.0,0.0,0.0,8592
2016-01-11 18:30:00,2016,1,11,18,30,1,0.0,0.0,0.0,8376
2016-01-11 19:00:00,2016,1,11,19,0,1,0.0,0.0,0.0,7068
2016-01-11 19:30:00,2016,1,11,19,30,1,0.0,0.0,0.0,6036
2016-01-11 20:00:00,2016,1,11,20,0,1,0.0,0.0,0.0,5064
2016-01-11 20:30:00,2016,1,11,20,30,1,0.0,0.0,0.0,4476
2016-01-11 21:00:00,2016,1,11,21,0,1,0.0,0.0,0.0,4536
2016-01-11 21:30:00,2016,1,11,21,30,1,0.0,0.0,0.0,4116
2016-01-11 22:00:00,2016,1,11,22,0,1,0.0,0.0,0.0,3408
2016-01-11 22:30:00,2016,1,11,22,30,1,0.0,0.0,0.0,2796
2016-01-11 23:00:00,2016,1,11,23,0,1,0.0,0.0,0.0,2484
2016-01-11 23:30:00,2016,1,11,23,30,1,0.0,0.0,0.0,1788
2016-01-12 00:00:00,2016,1,12,0,0,2,0.0,0.0,0.0,1404
2016-01-12 00:30:00,2016,1,12,0,30,2,0.0,0.0,0.0,1116
2016-01-12 01:00:00,2016,1,12,1,0,2,0.0,0.0,0.0,780
2016-01-12 01:30:00,2016,1,12,1,30,2,0.0,0.0,0.0,696
2016-01-12 02:00:00,2016,1,12,2,0,2,0.0,0.0,0.0,612
2016-01-12 02:30:00,2016,1,12,2,30,2,0.0,0.0,0.0,708
2016-01-12 03:00:00,2016,1,12,3,0,2,0.0,0.0,0.0,624
2016-01-12 03:30:00,2016,1,12,3,30,2,0.0,0.0,0.0,828
2016-01-12 04:00:00,2016,1,12,4,0,2,0.0,0.0,0.0,1008
2016-01-12 04:30:00,2016,1,12,4,30,2,0.0,0.0,0.0,1944
2016-01-12 05:00:00,2016,1,12,5,0,2,0.0,0.0,0.0,2640
2016-01-12 05:30:00,2016,1,12,5,30,2,0.0,0.0,0.0,4188
2016-01-12 06:00:00,2016,1,12,6,0,2,0.0,0.0,0.0,4776
2016-01-12 06:30:00,2016,1,12,6,30,2,0.0,0.0,0.0,6348
2016-01-12 07:00:00,2016,1,12,7,0,2,0.0,0.0,0.0,6876
2016-01-12 07:30:00,2016,1,12,7,30,2,0.0,0.0,0.0,8292
2016-01-12 08:00:00,2016,1,12,8,0,2,0.0,0.0,0.0,7224
2016-01-12 08:30:00,2016,1,12,8,30,2,0.0,0.0,0.0,7212
2016-01-12 09:00:00,2016,1,12,9,0,2,0.0,0.0,0.0,6204
2016-01-12 09:30:00,2016,1,12,9,30,2,0.0,0.0,0.0,6228
2016-01-12 10:00:00,2016,1,12,10,0,2,0.0,0.0,0.0,6096
2016-01-12 10:30:00,2016,1,12,10,30,2,0.0,0.0,0.0,6012
2016-01-12 11:00:00,2016,1,12,11,0,2,0.0,0.0,0.0,6852
2016-01-12 11:30:00,2016,1,12,11,30,2,0.0,0.0,0.0,7500
2016-01-12 12:00:00,2016,1,12,12,0,2,0.0,0.0,0.0,7620
2016-01-12 12:30:00,2016,1,12,12,30,2,0.0,0.0,0.0,7776
2016-01-12 13:00:00,2016,1,12,13,0,2,0.0,0.0,0.0,7788
2016-01-12 13:30:00,2016,1,12,13,30,2,0.0,0.0,0.0,8436
2016-01-12 14:00:00,2016,1,12,14,0,2,0.0,0.0,0.0,8952
2016-01-12 14:30:00,2016,1,12,14,30,2,0.0,0.0,0.0,9036
2016-01-12 15:00:00,2016,1,12,15,0,2,0.0,0.0,0.0,9204
2016-01-12 15:30:00,2016,1,12,15,30,2,0.0,0.0,0.0,8868
2016-01-12 16:00:00,2016,1,12,16,0,2,0.0,0.0,0.0,8508
2016-01-12 16:30:00,2016,1,12,16,30,2,0.0,0.0,0.0,7416
2016-01-12 17:00:00,2016,1,12,17,0,2,0.0,0.0,0.0,7740
2016-01-12 17:30:00,2016,1,12,17,30,2,0.0,0.0,0.0,7908
2016-01-12 18:00:00,2016,1,12,18,0,2,0.0,0.0,0.0,8064
2016-01-12 18:30:00,2016,1,12,18,30,2,0.0,0.0,0.0,8112
2016-01-12 19:00:00,2016,1,12,19,0,2,0.0,0.0,0.0,8448
2016-01-12 19:30:00,2016,1,12,19,30,2,0.0,0.0,0.0,7764
2016-01-12 20:00:00,2016,1,12,20,0,2,0.0,0.0,0.0,5748
2016-01-12 20:30:00,2016,1,12,20,30,2,0.0,0.0,0.0,5352
2016-01-12 21:00:00,2016,1,12,21,0,2,0.0,0.0,0.0,5268
2016-01-12 21:30:00,2016,1,12,21,30,2,0.0,0.0,0.0,4656
2016-01-12 22:00:00,2016,1,12,22,0,2,0.0,0.0,0.0,4092
2016-01-12 22:30:00,2016,1,12,22,30,2,0.0,0.0,0.0,3132
2016-01-12 23:00:00,2016,1,12,23,0,2,0.0,0.0,0.0,2532
2016-01-12 23:30:00,2016,1,12,23,30,2,0.0,0.0,0.0,2028
2016-01-13 00:00:00,2016,1,13,0,0,3,0.0,0.0,0.0,1392
2016-01-13 00:30:00,2016,1,13,0,30,3,0.0,0.0,0.0,1092
2016-01-13 01:00:00,2016,1,13,1,0,3,0.0,0.0,0.0,936
2016-01-13 01:30:00,2016,1,13,1,30,3,0.0,0.0,0.0,600
2016-01-13 02:00:00,2016,1,13,2,0,3,0.0,0.0,0.0,744
2016-01-13 02:30:00,2016,1,13,2,30,3,0.0,0.0,0.0,708
2016-01-13 03:00:00,2016,1,13,3,0,3,0.0,0.0,0.0,696
2016-01-13 03:30:00,2016,1,13,3,30,3,0.0,0.0,0.0,804
2016-01-13 04:00:00,2016,1,13,4,0,3,0.0,0.0,0.0,1080
2016-01-13 04:30:00,2016,1,13,4,30,3,0.0,0.0,0.0,1944
2016-01-13 05:00:00,2016,1,13,5,0,3,0.0,0.0,0.0,2628
2016-01-13 05:30:00,2016,1,13,5,30,3,0.0,0.0,0.0,4056
2016-01-13 06:00:00,2016,1,13,6,0,3,0.0,0.0,0.0,4908
2016-01-13 06:30:00,2016,1,13,6,30,3,0.0,0.0,0.0,6516
2016-01-13 07:00:00,2016,1,13,7,0,3,0.0,0.0,0.0,7020
2016-01-13 07:30:00,2016,1,13,7,30,3,0.0,0.0,0.0,8052
2016-01-13 08:00:00,2016,1,13,8,0,3,0.0,0.0,0.0,7128
2016-01-13 08:30:00,2016,1,13,8,30,3,0.0,0.0,0.0,7044
2016-01-13 09:00:00,2016,1,13,9,0,3,0.0,0.0,0.0,6264
2016-01-13 09:30:00,2016,1,13,9,30,3,0.0,0.0,0.0,5964
2016-01-13 10:00:00,2016,1,13,10,0,3,0.0,0.0,0.0,5808
2016-01-13 10:30:00,2016,1,13,10,30,3,0.0,0.0,0.0,6072
2016-01-13 11:00:00,2016,1,13,11,0,3,0.0,0.0,0.0,6240
2016-01-13 11:30:00,2016,1,13,11,30,3,0.0,0.0,0.0,7152
2016-01-13 12:00:00,2016,1,13,12,0,3,0.0,0.0,0.0,7764
2016-01-13 12:30:00,2016,1,13,12,30,3,0.0,0.0,0.0,8040
2016-01-13 13:00:00,2016,1,13,13,0,3,0.0,0.0,0.0,8184
2016-01-13 13:30:00,2016,1,13,13,30,3,0.0,0.0,0.0,8688
2016-01-13 14:00:00,2016,1,13,14,0,3,0.0,0.0,0.0,9516
2016-01-13 14:30:00,2016,1,13,14,30,3,0.0,0.0,0.0,10056
2016-01-13 15:00:00,2016,1,13,15,0,3,0.0,0.0,0.0,10320
2016-01-13 15:30:00,2016,1,13,15,30,3,0.0,0.0,0.0,7956
2016-01-13 16:00:00,2016,1,13,16,0,3,0.0,0.0,0.0,8628
2016-01-13 16:30:00,2016,1,13,16,30,3,0.0,0.0,0.0,8196
2016-01-13 17:00:00,2016,1,13,17,0,3,0.0,0.0,0.0,8088
2016-01-13 17:30:00,2016,1,13,17,30,3,0.0,0.0,0.0,8484
2016-01-13 18:00:00,2016,1,13,18,0,3,0.0,0.0,0.0,8736
2016-01-13 18:30:00,2016,1,13,18,30,3,0.0,0.0,0.0,8676
2016-01-13 19:00:00,2016,1,13,19,0,3,0.0,0.0,0.0,8076
2016-01-13 19:30:00,2016,1,13,19,30,3,0.0,0.0,0.0,6624
2016-01-13 20:00:00,2016,1,13,20,0,3,0.0,0.0,0.0,6012
2016-01-13 20:30:00,2016,1,13,20,30,3,0.0,0.0,0.0,5508
2016-01-13 21:00:00,2016,1,13,21,0,3,0.0,0.0,0.0,5124
2016-01-13 21:30:00,2016,1,13,21,30,3,0.0,0.0,0.0,4596
2016-01-13 22:00:00,2016,1,13,22,0,3,0.0,0.0,0.0,3780
2016-01-13 22:30:00,2016,1,13,22,30,3,0.0,0.0,0.0,3048
2016-01-13 23:00:00,2016,1,13,23,0,3,0.0,0.0,0.0,2700
2016-01-13 23:30:00,2016,1,13,23,30,3,0.0,0.0,0.0,2040
2016-01-14 00:00:00,2016,1,14,0,0,4,0.0,0.0,0.0,1488
2016-01-14 00:30:00,2016,1,14,0,30,4,0.0,0.0,0.0,1212
2016-01-14 01:00:00,2016,1,14,1,0,4,0.0,0.0,0.0,936
2016-01-14 01:30:00,2016,1,14,1,30,4,0.0,0.0,0.0,804
2016-01-14 02:00:00,2016,1,14,2,0,4,0.0,0.0,0.0,684
2016-01-14 02:30:00,2016,1,14,2,30,4,0.0,0.0,0.0,636
2016-01-14 03:00:00,2016,1,14,3,0,4,0.0,0.0,0.0,696
2016-01-14 03:30:00,2016,1,14,3,30,4,0.0,0.0,0.0,876
2016-01-14 04:00:00,2016,1,14,4,0,4,0.0,0.0,0.0,1152
2016-01-14 04:30:00,2016,1,14,4,30,4,0.0,0.0,0.0,1932
2016-01-14 05:00:00,2016,1,14,5,0,4,0.0,0.0,0.0,2616
2016-01-14 05:30:00,2016,1,14,5,30,4,0.0,0.0,0.0,4164
2016-01-14 06:00:00,2016,1,14,6,0,4,0.0,0.0,0.0,4764
2016-01-14 06:30:00,2016,1,14,6,30,4,0.0,0.0,0.0,6444
2016-01-14 07:00:00,2016,1,14,7,0,4,0.0,0.0,0.0,7380
2016-01-14 07:30:00,2016,1,14,7,30,4,0.0,0.0,0.0,8616
2016-01-14 08:00:00,2016,1,14,8,0,4,0.0,0.0,0.0,7536
2016-01-14 08:30:00,2016,1,14,8,30,4,0.0,0.0,0.0,7476
2016-01-14 09:00:00,2016,1,14,9,0,4,0.0,0.0,0.0,6432
2016-01-14 09:30:00,2016,1,14,9,30,4,0.0,0.0,0.0,6552
2016-01-14 10:00:00,2016,1,14,10,0,4,0.0,0.0,0.0,6396
2016-01-14 10:30:00,2016,1,14,10,30,4,0.0,0.0,0.0,6444
2016-01-14 11:00:00,2016,1,14,11,0,4,0.0,0.0,0.0,6876
2016-01-14 11:30:00,2016,1,14,11,30,4,0.0,0.0,0.0,7464
2016-01-14 12:00:00,2016,1,14,12,0,4,0.0,0.0,0.0,7740
2016-01-14 12:30:00,2016,1,14,12,30,4,0.0,0.0,0.0,7968
2016-01-14 13:00:00,2016,1,14,13,0,4,0.0,0.0,0.0,8112
2016-01-14 13:30:00,2016,1,14,13,30,4,0.0,0.0,0.0,8688
2016-01-14 14:00:00,2016,1,14,14,0,4,0.0,0.0,0.0,9660
2016-01-14 14:30:00,2016,1,14,14,30,4,0.0,0.0,0.0,9660
2016-01-14 15:00:00,2016,1,14,15,0,4,0.0,0.0,0.0,9876
2016-01-14 15:30:00,2016,1,14,15,30,4,0.0,0.0,0.0,9648
2016-01-14 16:00:00,2016,1,14,16,0,4,0.0,0.0,0.0,9768
2016-01-14 16:30:00,2016,1,14,16,30,4,0.0,0.0,0.0,9756
2016-01-14 17:00:00,2016,1,14,17,0,4,0.0,0.0,0.0,9372
2016-01-14 17:30:00,2016,1,14,17,30,4,0.0,0.0,0.0,9348
2016-01-14 18:00:00,2016,1,14,18,0,4,0.0,0.0,0.0,9432
2016-01-14 18:30:00,2016,1,14,18,30,4,0.0,0.0,0.0,9192
2016-01-14 19:00:00,2016,1,14,19,0,4,0.0,0.0,0.0,7848
2016-01-14 19:30:00,2016,1,14,19,30,4,0.0,0.0,0.0,6612
2016-01-14 20:00:00,2016,1,14,20,0,4,0.0,0.0,0.0,5880
2016-01-14 20:30:00,2016,1,14,20,30,4,0.0,0.0,0.0,5604
2016-01-14 21:00:00,2016,1,14,21,0,4,0.0,0.0,0.0,5496
2016-01-14 21:30:00,2016,1,14,21,30,4,0.0,0.0,0.0,4716
2016-01-14 22:00:00,2016,1,14,22,0,4,0.0,0.0,0.0,4032
2016-01-14 22:30:00,2016,1,14,22,30,4,0.0,0.0,0.0,3456
2016-01-14 23:00:00,2016,1,14,23,0,4,0.0,0.0,0.0,3000
2016-01-14 23:30:00,2016,1,14,23,30,4,0.0,0.0,0.0,2280
2016-01-15 00:00:00,2016,1,15,0,0,5,0.0,0.0,0.0,1704
2016-01-15 00:30:00,2016,1,15,0,30,5,0.0,0.0,0.0,1260
2016-01-15 01:00:00,2016,1,15,1,0,5,0.0,0.0,0.0,984
2016-01-15 01:30:00,2016,1,15,1,30,5,0.0,0.0,0.0,828
2016-01-15 02:00:00,2016,1,15,2,0,5,0.0,0.0,0.0,840
2016-01-15 02:30:00,2016,1,15,2,30,5,0.0,0.0,0.0,792
2016-01-15 03:00:00,2016,1,15,3,0,5,0.0,0.0,0.0,696
2016-01-15 03:30:00,2016,1,15,3,30,5,0.0,0.0,0.0,888
2016-01-15 04:00:00,2016,1,15,4,0,5,0.0,0.0,0.0,1152
2016-01-15 04:30:00,2016,1,15,4,30,5,0.0,0.0,0.0,1908
2016-01-15 05:00:00,2016,1,15,5,0,5,0.0,0.0,0.0,2400
2016-01-15 05:30:00,2016,1,15,5,30,5,0.0,0.0,0.0,3948
2016-01-15 06:00:00,2016,1,15,6,0,5,0.0,0.0,0.0,4512
2016-01-15 06:30:00,2016,1,15,6,30,5,0.0,0.0,0.0,5928
2016-01-15 07:00:00,2016,1,15,7,0,5,0.0,0.0,0.0,6900
2016-01-15 07:30:00,2016,1,15,7,30,5,0.0,0.0,0.0,8196
2016-01-15 08:00:00,2016,1,15,8,0,5,0.0,0.0,0.0,7128
2016-01-15 08:30:00,2016,1,15,8,30,5,0.0,0.0,0.0,7152
2016-01-15 09:00:00,2016,1,15,9,0,5,0.0,0.0,0.0,6456
2016-01-15 09:30:00,2016,1,15,9,30,5,0.0,0.0,0.0,6444
2016-01-15 10:00:00,2016,1,15,10,0,5,0.0,0.0,0.0,6396
2016-01-15 10:30:00,2016,1,15,10,30,5,0.0,0.0,0.0,6864
2016-01-15 11:00:00,2016,1,15,11,0,5,0.0,0.0,0.0,7116
2016-01-15 11:30:00,2016,1,15,11,30,5,0.0,0.0,0.0,8388
2016-01-15 12:00:00,2016,1,15,12,0,5,0.0,0.0,0.0,8436
2016-01-15 12:30:00,2016,1,15,12,30,5,0.0,0.0,0.0,8640
2016-01-15 13:00:00,2016,1,15,13,0,5,0.0,0.0,0.0,8976
2016-01-15 13:30:00,2016,1,15,13,30,5,0.0,0.0,0.0,9300
2016-01-15 14:00:00,2016,1,15,14,0,5,0.0,0.0,0.0,9492
2016-01-15 14:30:00,2016,1,15,14,30,5,0.0,0.0,0.0,9828
2016-01-15 15:00:00,2016,1,15,15,0,5,0.0,0.0,0.0,8868
2016-01-15 15:30:00,2016,1,15,15,30,5,0.0,0.0,0.0,9504
2016-01-15 16:00:00,2016,1,15,16,0,5,0.0,0.0,0.0,9528
2016-01-15 16:30:00,2016,1,15,16,30,5,0.0,0.0,0.0,9552
2016-01-15 17:00:00,2016,1,15,17,0,5,0.0,0.0,0.0,9060
2016-01-15 17:30:00,2016,1,15,17,30,5,0.0,0.0,0.0,9024
2016-01-15 18:00:00,2016,1,15,18,0,5,0.0,0.0,0.0,9120
2016-01-15 18:30:00,2016,1,15,18,30,5,0.0,0.0,0.0,8484
2016-01-15 19:00:00,2016,1,15,19,0,5,0.0,0.0,0.0,8616
2016-01-15 19:30:00,2016,1,15,19,30,5,0.0,0.0,0.0,7152
2016-01-15 20:00:00,2016,1,15,20,0,5,0.0,0.0,0.0,6276
2016-01-15 20:30:00,2016,1,15,20,30,5,0.0,0.0,0.0,5724
2016-01-15 21:00:00,2016,1,15,21,0,5,0.0,0.0,0.0,5496
2016-01-15 21:30:00,2016,1,15,21,30,5,0.0,0.0,0.0,5424
2016-01-15 22:00:00,2016,1,15,22,0,5,0.0,0.0,0.0,5136
2016-01-15 22:30:00,2016,1,15,22,30,5,0.0,0.0,0.0,4548
2016-01-15 23:00:00,2016,1,15,23,0,5,0.0,0.0,0.0,3984
2016-01-15 23:30:00,2016,1,15,23,30,5,0.0,0.0,0.0,2904
2016-01-16 00:00:00,2016,1,16,0,0,6,0.0,0.0,0.0,2388
2016-01-16 00:30:00,2016,1,16,0,30,6,0.0,0.0,0.0,1908
2016-01-16 01:00:00,2016,1,16,1,0,6,0.0,0.0,0.0,1548
2016-01-16 01:30:00,2016,1,16,1,30,6,0.0,0.0,0.0,1512
2016-01-16 02:00:00,2016,1,16,2,0,6,0.0,0.0,0.0,1296
2016-01-16 02:30:00,2016,1,16,2,30,6,0.0,0.0,0.0,1200
2016-01-16 03:00:00,2016,1,16,3,0,6,0.0,0.0,0.0,1080
2016-01-16 03:30:00,2016,1,16,3,30,6,0.0,0.0,0.0,852
2016-01-16 04:00:00,2016,1,16,4,0,6,0.0,0.0,0.0,720
2016-01-16 04:30:00,2016,1,16,4,30,6,0.0,0.0,0.0,876
2016-01-16 05:00:00,2016,1,16,5,0,6,0.0,0.0,0.0,1056
2016-01-16 05:30:00,2016,1,16,5,30,6,0.0,0.0,0.0,1332
2016-01-16 06:00:00,2016,1,16,6,0,6,0.0,0.0,0.0,1644
2016-01-16 06:30:00,2016,1,16,6,30,6,0.0,0.0,0.0,2436
2016-01-16 07:00:00,2016,1,16,7,0,6,0.0,0.0,0.0,3000
2016-01-16 07:30:00,2016,1,16,7,30,6,0.0,0.0,0.0,3996
2016-01-16 08:00:00,2016,1,16,8,0,6,0.0,0.0,0.0,3960
2016-01-16 08:30:00,2016,1,16,8,30,6,0.0,0.0,0.0,4836
2016-01-16 09:00:00,2016,1,16,9,0,6,0.0,0.0,0.0,5220
2016-01-16 09:30:00,2016,1,16,9,30,6,0.0,0.0,0.0,6336
2016-01-16 10:00:00,2016,1,16,10,0,6,0.0,0.0,0.0,6492
2016-01-16 10:30:00,2016,1,16,10,30,6,0.0,0.0,0.0,7620
2016-01-16 11:00:00,2016,1,16,11,0,6,0.0,0.0,0.0,7872
2016-01-16 11:30:00,2016,1,16,11,30,6,0.0,0.0,0.0,8256
2016-01-16 12:00:00,2016,1,16,12,0,6,0.0,0.0,0.0,8328
2016-01-16 12:30:00,2016,1,16,12,30,6,0.0,0.0,0.0,8424
2016-01-16 13:00:00,2016,1,16,13,0,6,0.0,0.0,0.0,8412
2016-01-16 13:30:00,2016,1,16,13,30,6,0.0,0.0,0.0,8004
2016-01-16 14:00:00,2016,1,16,14,0,6,0.0,0.0,0.0,8256
2016-01-16 14:30:00,2016,1,16,14,30,6,0.0,0.0,0.0,8580
2016-01-16 15:00:00,2016,1,16,15,0,6,0.0,0.0,0.0,8220
2016-01-16 15:30:00,2016,1,16,15,30,6,0.0,0.0,0.0,8916
2016-01-16 16:00:00,2016,1,16,16,0,6,0.0,0.0,0.0,8712
2016-01-16 16:30:00,2016,1,16,16,30,6,0.0,0.0,0.0,8496
2016-01-16 17:00:00,2016,1,16,17,0,6,0.0,0.0,0.0,8460
2016-01-16 17:30:00,2016,1,16,17,30,6,0.0,0.0,0.0,7992
2016-01-16 18:00:00,2016,1,16,18,0,6,0.0,0.0,0.0,7488
2016-01-16 18:30:00,2016,1,16,18,30,6,0.0,0.0,0.0,6828
2016-01-16 19:00:00,2016,1,16,19,0,6,0.0,0.0,0.0,5880
2016-01-16 19:30:00,2016,1,16,19,30,6,0.0,0.0,0.0,5724
2016-01-16 20:00:00,2016,1,16,20,0,6,0.0,0.0,0.0,5136
2016-01-16 20:30:00,2016,1,16,20,30,6,0.0,0.0,0.0,4464
2016-01-16 21:00:00,2016,1,16,21,0,6,0.0,0.0,0.0,4968
2016-01-16 21:30:00,2016,1,16,21,30,6,0.0,0.0,0.0,4848
2016-01-16 22:00:00,2016,1,16,22,0,6,0.0,0.0,0.0,4716
2016-01-16 22:30:00,2016,1,16,22,30,6,0.0,0.0,0.0,4224
2016-01-16 23:00:00,2016,1,16,23,0,6,0.0,0.0,0.0,3612
2016-01-16 23:30:00,2016,1,16,23,30,6,0.0,0.0,0.0,2988
2016-01-17 00:00:00,2016,1,17,0,0,7,0.0,0.0,0.0,2412
2016-01-17 00:30:00,2016,1,17,0,30,7,0.0,0.0,0.0,1908
2016-01-17 01:00:00,2016,1,17,1,0,7,0.0,0.0,0.0,1620
2016-01-17 01:30:00,2016,1,17,1,30,7,0.0,0.0,0.0,1416
2016-01-17 02:00:00,2016,1,17,2,0,7,0.0,0.0,0.0,1452
2016-01-17 02:30:00,2016,1,17,2,30,7,0.0,0.0,0.0,1368
2016-01-17 03:00:00,2016,1,17,3,0,7,0.0,0.0,0.0,924
2016-01-17 03:30:00,2016,1,17,3,30,7,0.0,0.0,0.0,768
2016-01-17 04:00:00,2016,1,17,4,0,7,0.0,0.0,0.0,648
2016-01-17 04:30:00,2016,1,17,4,30,7,0.0,0.0,0.0,552
2016-01-17 05:00:00,2016,1,17,5,0,7,0.0,0.0,0.0,720
2016-01-17 05:30:00,2016,1,17,5,30,7,0.0,0.0,0.0,828
2016-01-17 06:00:00,2016,1,17,6,0,7,0.0,0.0,0.0,1128
2016-01-17 06:30:00,2016,1,17,6,30,7,0.0,0.0,0.0,1488
2016-01-17 07:00:00,2016,1,17,7,0,7,0.0,0.0,0.0,1776
2016-01-17 07:30:00,2016,1,17,7,30,7,0.0,0.0,0.0,2316
2016-01-17 08:00:00,2016,1,17,8,0,7,0.0,0.0,0.0,2688
2016-01-17 08:30:00,2016,1,17,8,30,7,0.0,0.0,0.0,3720
2016-01-17 09:00:00,2016,1,17,9,0,7,0.0,0.0,0.0,5124
2016-01-17 09:30:00,2016,1,17,9,30,7,0.0,0.0,0.0,6528
2016-01-17 10:00:00,2016,1,17,10,0,7,0.0,0.0,0.0,5556
2016-01-17 10:30:00,2016,1,17,10,30,7,0.0,0.0,0.0,4980
2016-01-17 11:00:00,2016,1,17,11,0,7,0.0,0.0,0.0,4788
2016-01-17 11:30:00,2016,1,17,11,30,7,0.0,0.0,0.0,5040
2016-01-17 12:00:00,2016,1,17,12,0,7,0.0,0.0,0.0,5196
2016-01-17 12:30:00,2016,1,17,12,30,7,0.0,0.0,0.0,5424
2016-01-17 13:00:00,2016,1,17,13,0,7,0.0,0.0,0.0,5748
2016-01-17 13:30:00,2016,1,17,13,30,7,0.0,0.0,0.0,8400
2016-01-17 14:00:00,2016,1,17,14,0,7,0.0,0.0,0.0,8004
2016-01-17 14:30:00,2016,1,17,14,30,7,0.0,0.0,0.0,7224
2016-01-17 15:00:00,2016,1,17,15,0,7,0.0,0.0,0.0,7608
2016-01-17 15:30:00,2016,1,17,15,30,7,0.0,0.0,0.0,6972
2016-01-17 16:00:00,2016,1,17,16,0,7,0.0,0.0,0.0,6924
2016-01-17 16:30:00,2016,1,17,16,30,7,0.0,0.0,0.0,6960
2016-01-17 17:00:00,2016,1,17,17,0,7,0.0,0.0,0.0,7140
2016-01-17 17:30:00,2016,1,17,17,30,7,0.0,0.0,0.0,6816
2016-01-17 18:00:00,2016,1,17,18,0,7,0.0,0.0,0.0,6432
2016-01-17 18:30:00,2016,1,17,18,30,7,0.0,0.0,0.0,5892
2016-01-17 19:00:00,2016,1,17,19,0,7,0.0,0.0,0.0,5364
2016-01-17 19:30:00,2016,1,17,19,30,7,0.0,0.0,0.0,5388
2016-01-17 20:00:00,2016,1,17,20,0,7,0.0,0.0,0.0,4884
2016-01-17 20:30:00,2016,1,17,20,30,7,0.0,0.0,0.0,4452
2016-01-17 21:00:00,2016,1,17,21,0,7,0.0,0.0,0.0,3780
2016-01-17 21:30:00,2016,1,17,21,30,7,0.0,0.0,0.0,3876
2016-01-17 22:00:00,2016,1,17,22,0,7,0.0,0.0,0.0,3636
2016-01-17 22:30:00,2016,1,17,22,30,7,0.0,0.0,0.0,2760
2016-01-17 23:00:00,2016,1,17,23,0,7,0.0,0.0,0.0,2400
2016-01-17 23:30:00,2016,1,17,23,30,7,0.0,0.0,0.0,1944
2016-01-18 00:00:00,2016,1,18,0,0,1,0.5,0.0,0.0,1404
2016-01-18 00:30:00,2016,1,18,0,30,1,0.5,0.0,0.0,1164
2016-01-18 01:00:00,2016,1,18,1,0,1,0.5,0.0,0.0,864
2016-01-18 01:30:00,2016,1,18,1,30,1,0.5,0.0,0.0,732
2016-01-18 02:00:00,2016,1,18,2,0,1,0.5,0.0,0.0,672
2016-01-18 02:30:00,2016,1,18,2,30,1,0.5,0.0,0.0,672
2016-01-18 03:00:00,2016,1,18,3,0,1,0.5,0.0,0.0,600
2016-01-18 03:30:00,2016,1,18,3,30,1,0.5,0.0,0.0,840
2016-01-18 04:00:00,2016,1,18,4,0,1,0.5,0.0,0.0,996
2016-01-18 04:30:00,2016,1,18,4,30,1,0.5,0.0,0.0,1920
2016-01-18 05:00:00,2016,1,18,5,0,1,0.5,0.0,0.0,2364
2016-01-18 05:30:00,2016,1,18,5,30,1,0.5,0.0,0.0,3828
2016-01-18 06:00:00,2016,1,18,6,0,1,0.5,0.0,0.0,4272
2016-01-18 06:30:00,2016,1,18,6,30,1,0.5,0.0,0.0,5412
2016-01-18 07:00:00,2016,1,18,7,0,1,0.5,0.0,0.0,6120
2016-01-18 07:30:00,2016,1,18,7,30,1,0.5,0.0,0.0,6696
2016-01-18 08:00:00,2016,1,18,8,0,1,0.5,0.0,0.0,6120
2016-01-18 08:30:00,2016,1,18,8,30,1,0.5,0.0,0.0,6156
2016-01-18 09:00:00,2016,1,18,9,0,1,0.5,0.0,0.0,5664
2016-01-18 09:30:00,2016,1,18,9,30,1,0.5,0.0,0.0,6264
2016-01-18 10:00:00,2016,1,18,10,0,1,0.5,0.0,0.0,6468
2016-01-18 10:30:00,2016,1,18,10,30,1,0.5,0.0,0.0,6708
2016-01-18 11:00:00,2016,1,18,11,0,1,0.5,0.0,0.0,7464
2016-01-18 11:30:00,2016,1,18,11,30,1,0.5,0.0,0.0,7560
2016-01-18 12:00:00,2016,1,18,12,0,1,0.5,0.0,0.0,7992
2016-01-18 12:30:00,2016,1,18,12,30,1,0.5,0.0,0.0,8172
2016-01-18 13:00:00,2016,1,18,13,0,1,0.5,0.0,0.0,8388
2016-01-18 13:30:00,2016,1,18,13,30,1,0.5,0.0,0.0,8604
2016-01-18 14:00:00,2016,1,18,14,0,1,0.5,0.0,0.0,9432
2016-01-18 14:30:00,2016,1,18,14,30,1,0.5,0.0,0.0,9720
2016-01-18 15:00:00,2016,1,18,15,0,1,0.5,0.0,0.0,10068
2016-01-18 15:30:00,2016,1,18,15,30,1,0.5,0.0,0.0,9852
2016-01-18 16:00:00,2016,1,18,16,0,1,0.5,0.0,0.0,9912
2016-01-18 16:30:00,2016,1,18,16,30,1,0.5,0.0,0.0,9876
2016-01-18 17:00:00,2016,1,18,17,0,1,0.5,0.0,0.0,9732
2016-01-18 17:30:00,2016,1,18,17,30,1,0.5,0.0,0.0,8400
2016-01-18 18:00:00,2016,1,18,18,0,1,0.5,0.0,0.0,7800
2016-01-18 18:30:00,2016,1,18,18,30,1,0.5,0.0,0.0,6840
2016-01-18 19:00:00,2016,1,18,19,0,1,0.5,0.0,0.0,6516
2016-01-18 19:30:00,2016,1,18,19,30,1,0.5,0.0,0.0,5472
2016-01-18 20:00:00,2016,1,18,20,0,1,0.5,0.0,0.0,5076
2016-01-18 20:30:00,2016,1,18,20,30,1,0.5,0.0,0.0,4548
2016-01-18 21:00:00,2016,1,18,21,0,1,0.5,0.0,0.0,4308
2016-01-18 21:30:00,2016,1,18,21,30,1,0.5,0.0,0.0,3840
2016-01-18 22:00:00,2016,1,18,22,0,1,0.5,0.0,0.0,3600
2016-01-18 22:30:00,2016,1,18,22,30,1,0.5,0.0,0.0,2772
2016-01-18 23:00:00,2016,1,18,23,0,1,0.5,0.0,0.0,2400
2016-01-18 23:30:00,2016,1,18,23,30,1,0.5,0.0,0.0,1992
2016-01-19 00:00:00,2016,1,19,0,0,2,0.0,0.0,0.0,1296
2016-01-19 00:30:00,2016,1,19,0,30,2,0.0,0.0,0.0,1032
2016-01-19 01:00:00,2016,1,19,1,0,2,0.0,0.0,0.0,924
2016-01-19 01:30:00,2016,1,19,1,30,2,0.0,0.0,0.0,696
2016-01-19 02:00:00,2016,1,19,2,0,2,0.0,0.0,0.0,672
2016-01-19 02:30:00,2016,1,19,2,30,2,0.0,0.0,0.0,672
2016-01-19 03:00:00,2016,1,19,3,0,2,0.0,0.0,0.0,612
2016-01-19 03:30:00,2016,1,19,3,30,2,0.0,0.0,0.0,840
2016-01-19 04:00:00,2016,1,19,4,0,2,0.0,0.0,0.0,1152
2016-01-19 04:30:00,2016,1,19,4,30,2,0.0,0.0,0.0,1920
2016-01-19 05:00:00,2016,1,19,5,0,2,0.0,0.0,0.0,2700
2016-01-19 05:30:00,2016,1,19,5,30,2,0.0,0.0,0.0,4200
2016-01-19 06:00:00,2016,1,19,6,0,2,0.0,0.0,0.0,5148
2016-01-19 06:30:00,2016,1,19,6,30,2,0.0,0.0,0.0,6240
2016-01-19 07:00:00,2016,1,19,7,0,2,0.0,0.0,0.0,7200
2016-01-19 07:30:00,2016,1,19,7,30,2,0.0,0.0,0.0,8304
2016-01-19 08:00:00,2016,1,19,8,0,2,0.0,0.0,0.0,7452
2016-01-19 08:30:00,2016,1,19,8,30,2,0.0,0.0,0.0,7260
2016-01-19 09:00:00,2016,1,19,9,0,2,0.0,0.0,0.0,6528
2016-01-19 09:30:00,2016,1,19,9,30,2,0.0,0.0,0.0,6300
2016-01-19 10:00:00,2016,1,19,10,0,2,0.0,0.0,0.0,6504
2016-01-19 10:30:00,2016,1,19,10,30,2,0.0,0.0,0.0,6312
2016-01-19 11:00:00,2016,1,19,11,0,2,0.0,0.0,0.0,6300
2016-01-19 11:30:00,2016,1,19,11,30,2,0.0,0.0,0.0,7260
2016-01-19 12:00:00,2016,1,19,12,0,2,0.0,0.0,0.0,7428
2016-01-19 12:30:00,2016,1,19,12,30,2,0.0,0.0,0.0,7908
2016-01-19 13:00:00,2016,1,19,13,0,2,0.0,0.0,0.0,7632
2016-01-19 13:30:00,2016,1,19,13,30,2,0.0,0.0,0.0,8220
2016-01-19 14:00:00,2016,1,19,14,0,2,0.0,0.0,0.0,8580
2016-01-19 14:30:00,2016,1,19,14,30,2,0.0,0.0,0.0,8760
2016-01-19 15:00:00,2016,1,19,15,0,2,0.0,0.0,0.0,9348
2016-01-19 15:30:00,2016,1,19,15,30,2,0.0,0.0,0.0,8256
2016-01-19 16:00:00,2016,1,19,16,0,2,0.0,0.0,0.0,8040
2016-01-19 16:30:00,2016,1,19,16,30,2,0.0,0.0,0.0,7992
2016-01-19 17:00:00,2016,1,19,17,0,2,0.0,0.0,0.0,7968
2016-01-19 17:30:00,2016,1,19,17,30,2,0.0,0.0,0.0,7356
2016-01-19 18:00:00,2016,1,19,18,0,2,0.0,0.0,0.0,8112
2016-01-19 18:30:00,2016,1,19,18,30,2,0.0,0.0,0.0,8496
2016-01-19 19:00:00,2016,1,19,19,0,2,0.0,0.0,0.0,8184
2016-01-19 19:30:00,2016,1,19,19,30,2,0.0,0.0,0.0,7236
2016-01-19 20:00:00,2016,1,19,20,0,2,0.0,0.0,0.0,5856
2016-01-19 20:30:00,2016,1,19,20,30,2,0.0,0.0,0.0,4992
2016-01-19 21:00:00,2016,1,19,21,0,2,0.0,0.0,0.0,5268
2016-01-19 21:30:00,2016,1,19,21,30,2,0.0,0.0,0.0,4476
2016-01-19 22:00:00,2016,1,19,22,0,2,0.0,0.0,0.0,3792
2016-01-19 22:30:00,2016,1,19,22,30,2,0.0,0.0,0.0,3036
2016-01-19 23:00:00,2016,1,19,23,0,2,0.0,0.0,0.0,2520
2016-01-19 23:30:00,2016,1,19,23,30,2,0.0,0.0,0.0,1872
2016-01-20 00:00:00,2016,1,20,0,0,3,0.0,0.0,0.0,1560
2016-01-20 00:30:00,2016,1,20,0,30,3,0.0,0.0,0.0,1068
2016-01-20 01:00:00,2016,1,20,1,0,3,0.0,0.0,0.0,900
2016-01-20 01:30:00,2016,1,20,1,30,3,0.0,0.0,0.0,660
2016-01-20 02:00:00,2016,1,20,2,0,3,0.0,0.0,0.0,684
2016-01-20 02:30:00,2016,1,20,2,30,3,0.0,0.0,0.0,732
2016-01-20 03:00:00,2016,1,20,3,0,3,0.0,0.0,0.0,732
2016-01-20 03:30:00,2016,1,20,3,30,3,0.0,0.0,0.0,840
2016-01-20 04:00:00,2016,1,20,4,0,3,0.0,0.0,0.0,1128
2016-01-20 04:30:00,2016,1,20,4,30,3,0.0,0.0,0.0,1968
2016-01-20 05:00:00,2016,1,20,5,0,3,0.0,0.0,0.0,2724
2016-01-20 05:30:00,2016,1,20,5,30,3,0.0,0.0,0.0,4212
2016-01-20 06:00:00,2016,1,20,6,0,3,0.0,0.0,0.0,5040
2016-01-20 06:30:00,2016,1,20,6,30,3,0.0,0.0,0.0,6396
2016-01-20 07:00:00,2016,1,20,7,0,3,0.0,0.0,0.0,7236
2016-01-20 07:30:00,2016,1,20,7,30,3,0.0,0.0,0.0,8316
2016-01-20 08:00:00,2016,1,20,8,0,3,0.0,0.0,0.0,7368
2016-01-20 08:30:00,2016,1,20,8,30,3,0.0,0.0,0.0,7428
2016-01-20 09:00:00,2016,1,20,9,0,3,0.0,0.0,0.0,6264
2016-01-20 09:30:00,2016,1,20,9,30,3,0.0,0.0,0.0,6264
2016-01-20 10:00:00,2016,1,20,10,0,3,0.0,0.0,0.0,6408
2016-01-20 10:30:00,2016,1,20,10,30,3,0.0,0.0,0.0,6516
2016-01-20 11:00:00,2016,1,20,11,0,3,0.0,0.0,0.0,6576
2016-01-20 11:30:00,2016,1,20,11,30,3,0.0,0.0,0.0,7176
2016-01-20 12:00:00,2016,1,20,12,0,3,0.0,0.0,0.0,7584
2016-01-20 12:30:00,2016,1,20,12,30,3,0.0,0.0,0.0,7944
2016-01-20 13:00:00,2016,1,20,13,0,3,0.0,0.0,0.0,7836
2016-01-20 13:30:00,2016,1,20,13,30,3,0.0,0.0,0.0,8484
2016-01-20 14:00:00,2016,1,20,14,0,3,0.0,0.0,0.0,9348
2016-01-20 14:30:00,2016,1,20,14,30,3,0.0,0.0,0.0,9900
2016-01-20 15:00:00,2016,1,20,15,0,3,0.0,0.0,0.0,10284
2016-01-20 15:30:00,2016,1,20,15,30,3,0.0,0.0,0.0,10332
2016-01-20 16:00:00,2016,1,20,16,0,3,0.0,0.0,0.0,9876
2016-01-20 16:30:00,2016,1,20,16,30,3,0.0,0.0,0.0,9912
2016-01-20 17:00:00,2016,1,20,17,0,3,0.0,0.0,0.0,9684
2016-01-20 17:30:00,2016,1,20,17,30,3,0.0,0.0,0.0,9456
2016-01-20 18:00:00,2016,1,20,18,0,3,0.0,0.0,0.0,9348
2016-01-20 18:30:00,2016,1,20,18,30,3,0.0,0.0,0.0,8088
2016-01-20 19:00:00,2016,1,20,19,0,3,0.0,0.0,0.0,7428
2016-01-20 19:30:00,2016,1,20,19,30,3,0.0,0.0,0.0,6480
2016-01-20 20:00:00,2016,1,20,20,0,3,0.0,0.0,0.0,5724
2016-01-20 20:30:00,2016,1,20,20,30,3,0.0,0.0,0.0,5484
2016-01-20 21:00:00,2016,1,20,21,0,3,0.0,0.0,0.0,5352
2016-01-20 21:30:00,2016,1,20,21,30,3,0.0,0.0,0.0,4872
2016-01-20 22:00:00,2016,1,20,22,0,3,0.0,0.0,0.0,4020
2016-01-20 22:30:00,2016,1,20,22,30,3,0.0,0.0,0.0,3084
2016-01-20 23:00:00,2016,1,20,23,0,3,0.0,0.0,0.0,2748
2016-01-20 23:30:00,2016,1,20,23,30,3,0.0,0.0,0.0,2112
2016-01-21 00:00:00,2016,1,21,0,0,4,0.0,0.0,0.0,1476
2016-01-21 00:30:00,2016,1,21,0,30,4,0.0,0.0,0.0,1116
2016-01-21 01:00:00,2016,1,21,1,0,4,0.0,0.0,0.0,852
2016-01-21 01:30:00,2016,1,21,1,30,4,0.0,0.0,0.0,768
2016-01-21 02:00:00,2016,1,21,2,0,4,0.0,0.0,0.0,828
2016-01-21 02:30:00,2016,1,21,2,30,4,0.0,0.0,0.0,768
2016-01-21 03:00:00,2016,1,21,3,0,4,0.0,0.0,0.0,684
2016-01-21 03:30:00,2016,1,21,3,30,4,0.0,0.0,0.0,780
2016-01-21 04:00:00,2016,1,21,4,0,4,0.0,0.0,0.0,1140
2016-01-21 04:30:00,2016,1,21,4,30,4,0.0,0.0,0.0,1980
2016-01-21 05:00:00,2016,1,21,5,0,4,0.0,0.0,0.0,2484
2016-01-21 05:30:00,2016,1,21,5,30,4,0.0,0.0,0.0,4236
2016-01-21 06:00:00,2016,1,21,6,0,4,0.0,0.0,0.0,4932
2016-01-21 06:30:00,2016,1,21,6,30,4,0.0,0.0,0.0,6492
2016-01-21 07:00:00,2016,1,21,7,0,4,0.0,0.0,0.0,6996
2016-01-21 07:30:00,2016,1,21,7,30,4,0.0,0.0,0.0,7644
2016-01-21 08:00:00,2016,1,21,8,0,4,0.0,0.0,0.0,7236
2016-01-21 08:30:00,2016,1,21,8,30,4,0.0,0.0,0.0,6792
2016-01-21 09:00:00,2016,1,21,9,0,4,0.0,0.0,0.0,6144
2016-01-21 09:30:00,2016,1,21,9,30,4,0.0,0.0,0.0,6132
2016-01-21 10:00:00,2016,1,21,10,0,4,0.0,0.0,0.0,5628
2016-01-21 10:30:00,2016,1,21,10,30,4,0.0,0.0,0.0,6000
2016-01-21 11:00:00,2016,1,21,11,0,4,0.0,0.0,0.0,6288
2016-01-21 11:30:00,2016,1,21,11,30,4,0.0,0.0,0.0,6456
2016-01-21 12:00:00,2016,1,21,12,0,4,0.0,0.0,0.0,7164
2016-01-21 12:30:00,2016,1,21,12,30,4,0.0,0.0,0.0,7632
2016-01-21 13:00:00,2016,1,21,13,0,4,0.0,0.0,0.0,8052
2016-01-21 13:30:00,2016,1,21,13,30,4,0.0,0.0,0.0,8172
2016-01-21 14:00:00,2016,1,21,14,0,4,0.0,0.0,0.0,8580
2016-01-21 14:30:00,2016,1,21,14,30,4,0.0,0.0,0.0,9060
2016-01-21 15:00:00,2016,1,21,15,0,4,0.0,0.0,0.0,8940
2016-01-21 15:30:00,2016,1,21,15,30,4,0.0,0.0,0.0,9072
2016-01-21 16:00:00,2016,1,21,16,0,4,0.0,0.0,0.0,8724
2016-01-21 16:30:00,2016,1,21,16,30,4,0.0,0.0,0.0,8292
2016-01-21 17:00:00,2016,1,21,17,0,4,0.0,0.0,0.0,8088
2016-01-21 17:30:00,2016,1,21,17,30,4,0.0,0.0,0.0,8316
2016-01-21 18:00:00,2016,1,21,18,0,4,0.0,0.0,0.0,8604
2016-01-21 18:30:00,2016,1,21,18,30,4,0.0,0.0,0.0,7788
2016-01-21 19:00:00,2016,1,21,19,0,4,0.0,0.0,0.0,7416
2016-01-21 19:30:00,2016,1,21,19,30,4,0.0,0.0,0.0,8100
2016-01-21 20:00:00,2016,1,21,20,0,4,0.0,0.0,0.0,6324
2016-01-21 20:30:00,2016,1,21,20,30,4,0.0,0.0,0.0,5760
2016-01-21 21:00:00,2016,1,21,21,0,4,0.0,0.0,0.0,5292
2016-01-21 21:30:00,2016,1,21,21,30,4,0.0,0.0,0.0,4920
2016-01-21 22:00:00,2016,1,21,22,0,4,0.0,0.0,0.0,4200
2016-01-21 22:30:00,2016,1,21,22,30,4,0.0,0.0,0.0,3276
2016-01-21 23:00:00,2016,1,21,23,0,4,0.0,0.0,0.0,2820
2016-01-21 23:30:00,2016,1,21,23,30,4,0.0,0.0,0.0,2136
2016-01-22 00:00:00,2016,1,22,0,0,5,0.0,0.0,0.0,1764
2016-01-22 00:30:00,2016,1,22,0,30,5,0.0,0.0,0.0,1224
2016-01-22 01:00:00,2016,1,22,1,0,5,0.0,0.0,0.0,1032
2016-01-22 01:30:00,2016,1,22,1,30,5,0.0,0.0,0.0,924
2016-01-22 02:00:00,2016,1,22,2,0,5,0.0,0.0,0.0,816
2016-01-22 02:30:00,2016,1,22,2,30,5,0.0,0.0,0.0,864
2016-01-22 03:00:00,2016,1,22,3,0,5,0.0,0.0,0.0,768
2016-01-22 03:30:00,2016,1,22,3,30,5,0.0,0.0,0.0,864
2016-01-22 04:00:00,2016,1,22,4,0,5,0.0,0.0,0.0,1056
2016-01-22 04:30:00,2016,1,22,4,30,5,0.0,0.0,0.0,1932
2016-01-22 05:00:00,2016,1,22,5,0,5,0.0,0.0,0.0,2316
2016-01-22 05:30:00,2016,1,22,5,30,5,0.0,0.0,0.0,3900
2016-01-22 06:00:00,2016,1,22,6,0,5,0.0,0.0,0.0,4728
2016-01-22 06:30:00,2016,1,22,6,30,5,0.0,0.0,0.0,5976
2016-01-22 07:00:00,2016,1,22,7,0,5,0.0,0.0,0.0,6540
2016-01-22 07:30:00,2016,1,22,7,30,5,0.0,0.0,0.0,8112
2016-01-22 08:00:00,2016,1,22,8,0,5,0.0,0.0,0.0,6948
2016-01-22 08:30:00,2016,1,22,8,30,5,0.0,0.0,0.0,7140
2016-01-22 09:00:00,2016,1,22,9,0,5,0.0,0.0,0.0,6348
2016-01-22 09:30:00,2016,1,22,9,30,5,0.0,0.0,0.0,6624
2016-01-22 10:00:00,2016,1,22,10,0,5,0.0,0.0,0.0,6432
2016-01-22 10:30:00,2016,1,22,10,30,5,0.0,0.0,0.0,6912
2016-01-22 11:00:00,2016,1,22,11,0,5,0.0,0.0,0.0,7332
2016-01-22 11:30:00,2016,1,22,11,30,5,0.0,0.0,0.0,7896
2016-01-22 12:00:00,2016,1,22,12,0,5,0.0,0.0,0.0,8076
2016-01-22 12:30:00,2016,1,22,12,30,5,0.0,0.0,0.0,8724
2016-01-22 13:00:00,2016,1,22,13,0,5,0.0,0.0,0.0,9000
2016-01-22 13:30:00,2016,1,22,13,30,5,0.0,0.0,0.0,9396
2016-01-22 14:00:00,2016,1,22,14,0,5,0.0,0.0,0.0,9696
2016-01-22 14:30:00,2016,1,22,14,30,5,0.0,0.0,0.0,9804
2016-01-22 15:00:00,2016,1,22,15,0,5,0.0,0.0,0.0,9444
2016-01-22 15:30:00,2016,1,22,15,30,5,0.0,0.0,0.0,9504
2016-01-22 16:00:00,2016,1,22,16,0,5,0.0,0.0,0.0,9360
2016-01-22 16:30:00,2016,1,22,16,30,5,0.0,0.0,0.0,9672
2016-01-22 17:00:00,2016,1,22,17,0,5,0.0,0.0,0.0,9204
2016-01-22 17:30:00,2016,1,22,17,30,5,0.0,0.0,0.0,8472
2016-01-22 18:00:00,2016,1,22,18,0,5,0.0,0.0,0.0,7104
2016-01-22 18:30:00,2016,1,22,18,30,5,0.0,0.0,0.0,8712
2016-01-22 19:00:00,2016,1,22,19,0,5,0.0,0.0,0.0,8004
2016-01-22 19:30:00,2016,1,22,19,30,5,0.0,0.0,0.0,6900
2016-01-22 20:00:00,2016,1,22,20,0,5,0.0,0.0,0.0,6276
2016-01-22 20:30:00,2016,1,22,20,30,5,0.0,0.0,0.0,5280
2016-01-22 21:00:00,2016,1,22,21,0,5,0.0,0.0,0.0,5388
2016-01-22 21:30:00,2016,1,22,21,30,5,0.0,0.0,0.0,5496
2016-01-22 22:00:00,2016,1,22,22,0,5,0.0,0.0,0.0,4896
2016-01-22 22:30:00,2016,1,22,22,30,5,0.0,0.0,0.0,4152
2016-01-22 23:00:00,2016,1,22,23,0,5,0.0,0.0,0.0,3852
2016-01-22 23:30:00,2016,1,22,23,30,5,0.0,0.0,0.0,3288
2016-01-23 00:00:00,2016,1,23,0,0,6,0.0,0.0,0.0,2616
2016-01-23 00:30:00,2016,1,23,0,30,6,0.0,0.0,0.0,2292
2016-01-23 01:00:00,2016,1,23,1,0,6,0.0,0.0,0.0,1872
2016-01-23 01:30:00,2016,1,23,1,30,6,0.0,0.0,0.0,1524
2016-01-23 02:00:00,2016,1,23,2,0,6,0.0,0.0,0.0,1524
2016-01-23 02:30:00,2016,1,23,2,30,6,0.0,0.0,0.0,1272
2016-01-23 03:00:00,2016,1,23,3,0,6,0.0,0.0,0.0,1056
2016-01-23 03:30:00,2016,1,23,3,30,6,0.0,0.0,0.0,948
2016-01-23 04:00:00,2016,1,23,4,0,6,0.0,0.0,0.0,720
2016-01-23 04:30:00,2016,1,23,4,30,6,0.0,0.0,0.0,888
2016-01-23 05:00:00,2016,1,23,5,0,6,0.0,0.0,0.0,1068
2016-01-23 05:30:00,2016,1,23,5,30,6,0.0,0.0,0.0,1392
2016-01-23 06:00:00,2016,1,23,6,0,6,0.0,0.0,0.0,1644
2016-01-23 06:30:00,2016,1,23,6,30,6,0.0,0.0,0.0,2532
2016-01-23 07:00:00,2016,1,23,7,0,6,0.0,0.0,0.0,3036
2016-01-23 07:30:00,2016,1,23,7,30,6,0.0,0.0,0.0,3852
2016-01-23 08:00:00,2016,1,23,8,0,6,0.0,0.0,0.0,3972
2016-01-23 08:30:00,2016,1,23,8,30,6,0.0,0.0,0.0,4848
2016-01-23 09:00:00,2016,1,23,9,0,6,0.0,0.0,0.0,5184
2016-01-23 09:30:00,2016,1,23,9,30,6,0.0,0.0,0.0,6180
2016-01-23 10:00:00,2016,1,23,10,0,6,0.0,0.0,0.0,6396
2016-01-23 10:30:00,2016,1,23,10,30,6,0.0,0.0,0.0,7080
2016-01-23 11:00:00,2016,1,23,11,0,6,0.0,0.0,0.0,7308
2016-01-23 11:30:00,2016,1,23,11,30,6,0.0,0.0,0.0,7608
2016-01-23 12:00:00,2016,1,23,12,0,6,0.0,0.0,0.0,7896
2016-01-23 12:30:00,2016,1,23,12,30,6,0.0,0.0,0.0,7932
2016-01-23 13:00:00,2016,1,23,13,0,6,0.0,0.0,0.0,8016
2016-01-23 13:30:00,2016,1,23,13,30,6,0.0,0.0,0.0,7896
2016-01-23 14:00:00,2016,1,23,14,0,6,0.0,0.0,0.0,8484
2016-01-23 14:30:00,2016,1,23,14,30,6,0.0,0.0,0.0,8808
2016-01-23 15:00:00,2016,1,23,15,0,6,0.0,0.0,0.0,8856
2016-01-23 15:30:00,2016,1,23,15,30,6,0.0,0.0,0.0,8460
2016-01-23 16:00:00,2016,1,23,16,0,6,0.0,0.0,0.0,8736
2016-01-23 16:30:00,2016,1,23,16,30,6,0.0,0.0,0.0,8892
2016-01-23 17:00:00,2016,1,23,17,0,6,0.0,0.0,0.0,8088
2016-01-23 17:30:00,2016,1,23,17,30,6,0.0,0.0,0.0,7788
2016-01-23 18:00:00,2016,1,23,18,0,6,0.0,0.0,0.0,7752
2016-01-23 18:30:00,2016,1,23,18,30,6,0.0,0.0,0.0,7308
2016-01-23 19:00:00,2016,1,23,19,0,6,0.0,0.0,0.0,6252
2016-01-23 19:30:00,2016,1,23,19,30,6,0.0,0.0,0.0,5676
2016-01-23 20:00:00,2016,1,23,20,0,6,0.0,0.0,0.0,5076
2016-01-23 20:30:00,2016,1,23,20,30,6,0.0,0.0,0.0,4656
2016-01-23 21:00:00,2016,1,23,21,0,6,0.0,0.0,0.0,4920
2016-01-23 21:30:00,2016,1,23,21,30,6,0.0,0.0,0.0,4824
2016-01-23 22:00:00,2016,1,23,22,0,6,0.0,0.0,0.0,4584
2016-01-23 22:30:00,2016,1,23,22,30,6,0.0,0.0,0.0,3948
2016-01-23 23:00:00,2016,1,23,23,0,6,0.0,0.0,0.0,3768
2016-01-23 23:30:00,2016,1,23,23,30,6,0.0,0.0,0.0,3036
2016-01-24 00:00:00,2016,1,24,0,0,7,0.0,0.0,0.0,2496
2016-01-24 00:30:00,2016,1,24,0,30,7,0.0,0.0,0.0,2064
2016-01-24 01:00:00,2016,1,24,1,0,7,0.0,0.0,0.0,1752
2016-01-24 01:30:00,2016,1,24,1,30,7,0.0,0.0,0.0,1512
2016-01-24 02:00:00,2016,1,24,2,0,7,0.0,0.0,0.0,1512
2016-01-24 02:30:00,2016,1,24,2,30,7,0.0,0.0,0.0,1320
2016-01-24 03:00:00,2016,1,24,3,0,7,0.0,0.0,0.0,996
2016-01-24 03:30:00,2016,1,24,3,30,7,0.0,0.0,0.0,828
2016-01-24 04:00:00,2016,1,24,4,0,7,0.0,0.0,0.0,624
2016-01-24 04:30:00,2016,1,24,4,30,7,0.0,0.0,0.0,600
2016-01-24 05:00:00,2016,1,24,5,0,7,0.0,0.0,0.0,648
2016-01-24 05:30:00,2016,1,24,5,30,7,0.0,0.0,0.0,924
2016-01-24 06:00:00,2016,1,24,6,0,7,0.0,0.0,0.0,1332
2016-01-24 06:30:00,2016,1,24,6,30,7,0.0,0.0,0.0,1572
2016-01-24 07:00:00,2016,1,24,7,0,7,0.0,0.0,0.0,1980
2016-01-24 07:30:00,2016,1,24,7,30,7,0.0,0.0,0.0,2532
2016-01-24 08:00:00,2016,1,24,8,0,7,0.0,0.0,0.0,2508
2016-01-24 08:30:00,2016,1,24,8,30,7,0.0,0.0,0.0,3192
2016-01-24 09:00:00,2016,1,24,9,0,7,0.0,0.0,0.0,3744
2016-01-24 09:30:00,2016,1,24,9,30,7,0.0,0.0,0.0,4980
2016-01-24 10:00:00,2016,1,24,10,0,7,0.0,0.0,0.0,5496
2016-01-24 10:30:00,2016,1,24,10,30,7,0.0,0.0,0.0,6228
2016-01-24 11:00:00,2016,1,24,11,0,7,0.0,0.0,0.0,6540
2016-01-24 11:30:00,2016,1,24,11,30,7,0.0,0.0,0.0,7152
2016-01-24 12:00:00,2016,1,24,12,0,7,0.0,0.0,0.0,7872
2016-01-24 12:30:00,2016,1,24,12,30,7,0.0,0.0,0.0,8196
2016-01-24 13:00:00,2016,1,24,13,0,7,0.0,0.0,0.0,7764
2016-01-24 13:30:00,2016,1,24,13,30,7,0.0,0.0,0.0,7224
2016-01-24 14:00:00,2016,1,24,14,0,7,0.0,0.0,0.0,7704
2016-01-24 14:30:00,2016,1,24,14,30,7,0.0,0.0,0.0,8160
2016-01-24 15:00:00,2016,1,24,15,0,7,0.0,0.0,0.0,7848
2016-01-24 15:30:00,2016,1,24,15,30,7,0.0,0.0,0.0,7524
2016-01-24 16:00:00,2016,1,24,16,0,7,0.0,0.0,0.0,8028
2016-01-24 16:30:00,2016,1,24,16,30,7,0.0,0.0,0.0,7932
2016-01-24 17:00:00,2016,1,24,17,0,7,0.0,0.0,0.0,7608
2016-01-24 17:30:00,2016,1,24,17,30,7,0.0,0.0,0.0,7332
2016-01-24 18:00:00,2016,1,24,18,0,7,0.0,0.0,0.0,6924
2016-01-24 18:30:00,2016,1,24,18,30,7,0.0,0.0,0.0,6024
2016-01-24 19:00:00,2016,1,24,19,0,7,0.0,0.0,0.0,5808
2016-01-24 19:30:00,2016,1,24,19,30,7,0.0,0.0,0.0,5700
2016-01-24 20:00:00,2016,1,24,20,0,7,0.0,0.0,0.0,4944
2016-01-24 20:30:00,2016,1,24,20,30,7,0.0,0.0,0.0,5016
2016-01-24 21:00:00,2016,1,24,21,0,7,0.0,0.0,0.0,4044
2016-01-24 21:30:00,2016,1,24,21,30,7,0.0,0.0,0.0,3624
2016-01-24 22:00:00,2016,1,24,22,0,7,0.0,0.0,0.0,3204
2016-01-24 22:30:00,2016,1,24,22,30,7,0.0,0.0,0.0,2616
2016-01-24 23:00:00,2016,1,24,23,0,7,0.0,0.0,0.0,2400
2016-01-24 23:30:00,2016,1,24,23,30,7,0.0,0.0,0.0,1824
2016-01-25 00:00:00,2016,1,25,0,0,1,0.0,0.0,0.0,1440
2016-01-25 00:30:00,2016,1,25,0,30,1,0.0,0.0,0.0,1164
2016-01-25 01:00:00,2016,1,25,1,0,1,0.0,0.0,0.0,864
2016-01-25 01:30:00,2016,1,25,1,30,1,0.0,0.0,0.0,600
2016-01-25 02:00:00,2016,1,25,2,0,1,0.0,0.0,0.0,564
2016-01-25 02:30:00,2016,1,25,2,30,1,0.0,0.0,0.0,504
2016-01-25 03:00:00,2016,1,25,3,0,1,0.0,0.0,0.0,600
2016-01-25 03:30:00,2016,1,25,3,30,1,0.0,0.0,0.0,696
2016-01-25 04:00:00,2016,1,25,4,0,1,0.0,0.0,0.0,1092
2016-01-25 04:30:00,2016,1,25,4,30,1,0.0,0.0,0.0,1992
2016-01-25 05:00:00,2016,1,25,5,0,1,0.0,0.0,0.0,2688
2016-01-25 05:30:00,2016,1,25,5,30,1,0.0,0.0,0.0,4200
2016-01-25 06:00:00,2016,1,25,6,0,1,0.0,0.0,0.0,4908
2016-01-25 06:30:00,2016,1,25,6,30,1,0.0,0.0,0.0,6300
2016-01-25 07:00:00,2016,1,25,7,0,1,0.0,0.0,0.0,7248
2016-01-25 07:30:00,2016,1,25,7,30,1,0.0,0.0,0.0,8364
2016-01-25 08:00:00,2016,1,25,8,0,1,0.0,0.0,0.0,7212
2016-01-25 08:30:00,2016,1,25,8,30,1,0.0,0.0,0.0,7308
2016-01-25 09:00:00,2016,1,25,9,0,1,0.0,0.0,0.0,6564
2016-01-25 09:30:00,2016,1,25,9,30,1,0.0,0.0,0.0,6180
2016-01-25 10:00:00,2016,1,25,10,0,1,0.0,0.0,0.0,6108
2016-01-25 10:30:00,2016,1,25,10,30,1,0.0,0.0,0.0,6732
2016-01-25 11:00:00,2016,1,25,11,0,1,0.0,0.0,0.0,6444
2016-01-25 11:30:00,2016,1,25,11,30,1,0.0,0.0,0.0,7092
2016-01-25 12:00:00,2016,1,25,12,0,1,0.0,0.0,0.0,7440
2016-01-25 12:30:00,2016,1,25,12,30,1,0.0,0.0,0.0,7500
2016-01-25 13:00:00,2016,1,25,13,0,1,0.0,0.0,0.0,7764
2016-01-25 13:30:00,2016,1,25,13,30,1,0.0,0.0,0.0,8316
2016-01-25 14:00:00,2016,1,25,14,0,1,0.0,0.0,0.0,9300
2016-01-25 14:30:00,2016,1,25,14,30,1,0.0,0.0,0.0,10008
2016-01-25 15:00:00,2016,1,25,15,0,1,0.0,0.0,0.0,10584
2016-01-25 15:30:00,2016,1,25,15,30,1,0.0,0.0,0.0,10200
2016-01-25 16:00:00,2016,1,25,16,0,1,0.0,0.0,0.0,10092
2016-01-25 16:30:00,2016,1,25,16,30,1,0.0,0.0,0.0,10284
2016-01-25 17:00:00,2016,1,25,17,0,1,0.0,0.0,0.0,10104
2016-01-25 17:30:00,2016,1,25,17,30,1,0.0,0.0,0.0,9372
2016-01-25 18:00:00,2016,1,25,18,0,1,0.0,0.0,0.0,8712
2016-01-25 18:30:00,2016,1,25,18,30,1,0.0,0.0,0.0,7392
2016-01-25 19:00:00,2016,1,25,19,0,1,0.0,0.0,0.0,7008
2016-01-25 19:30:00,2016,1,25,19,30,1,0.0,0.0,0.0,6144
2016-01-25 20:00:00,2016,1,25,20,0,1,0.0,0.0,0.0,4968
2016-01-25 20:30:00,2016,1,25,20,30,1,0.0,0.0,0.0,4632
2016-01-25 21:00:00,2016,1,25,21,0,1,0.0,0.0,0.0,4656
2016-01-25 21:30:00,2016,1,25,21,30,1,0.0,0.0,0.0,3888
2016-01-25 22:00:00,2016,1,25,22,0,1,0.0,0.0,0.0,3288
2016-01-25 22:30:00,2016,1,25,22,30,1,0.0,0.0,0.0,3072
2016-01-25 23:00:00,2016,1,25,23,0,1,0.0,0.0,0.0,2508
2016-01-25 23:30:00,2016,1,25,23,30,1,0.0,0.0,0.0,1920
2016-01-26 00:00:00,2016,1,26,0,0,2,0.0,0.0,0.0,1380
2016-01-26 00:30:00,2016,1,26,0,30,2,0.0,0.0,0.0,948
2016-01-26 01:00:00,2016,1,26,1,0,2,0.0,0.0,0.0,780
2016-01-26 01:30:00,2016,1,26,1,30,2,0.0,0.0,0.0,624
2016-01-26 02:00:00,2016,1,26,2,0,2,0.0,0.0,0.0,816
2016-01-26 02:30:00,2016,1,26,2,30,2,0.0,0.0,0.0,696
2016-01-26 03:00:00,2016,1,26,3,0,2,0.0,0.0,0.0,648
2016-01-26 03:30:00,2016,1,26,3,30,2,0.0,0.0,0.0,912
2016-01-26 04:00:00,2016,1,26,4,0,2,0.0,0.0,0.0,1140
2016-01-26 04:30:00,2016,1,26,4,30,2,0.0,0.0,0.0,1944
2016-01-26 05:00:00,2016,1,26,5,0,2,0.0,0.0,0.0,2712
2016-01-26 05:30:00,2016,1,26,5,30,2,0.0,0.0,0.0,4140
2016-01-26 06:00:00,2016,1,26,6,0,2,0.0,0.0,0.0,5208
2016-01-26 06:30:00,2016,1,26,6,30,2,0.0,0.0,0.0,6372
2016-01-26 07:00:00,2016,1,26,7,0,2,0.0,0.0,0.0,7032
2016-01-26 07:30:00,2016,1,26,7,30,2,0.0,0.0,0.0,8352
2016-01-26 08:00:00,2016,1,26,8,0,2,0.0,0.0,0.0,7152
2016-01-26 08:30:00,2016,1,26,8,30,2,0.0,0.0,0.0,6744
2016-01-26 09:00:00,2016,1,26,9,0,2,0.0,0.0,0.0,6036
2016-01-26 09:30:00,2016,1,26,9,30,2,0.0,0.0,0.0,5964
2016-01-26 10:00:00,2016,1,26,10,0,2,0.0,0.0,0.0,5964
2016-01-26 10:30:00,2016,1,26,10,30,2,0.0,0.0,0.0,6348
2016-01-26 11:00:00,2016,1,26,11,0,2,0.0,0.0,0.0,6336
2016-01-26 11:30:00,2016,1,26,11,30,2,0.0,0.0,0.0,7500
2016-01-26 12:00:00,2016,1,26,12,0,2,0.0,0.0,0.0,7560
2016-01-26 12:30:00,2016,1,26,12,30,2,0.0,0.0,0.0,7956
2016-01-26 13:00:00,2016,1,26,13,0,2,0.0,0.0,0.0,7656
2016-01-26 13:30:00,2016,1,26,13,30,2,0.0,0.0,0.0,8640
2016-01-26 14:00:00,2016,1,26,14,0,2,0.0,0.0,0.0,9024
2016-01-26 14:30:00,2016,1,26,14,30,2,0.0,0.0,0.0,9516
2016-01-26 15:00:00,2016,1,26,15,0,2,0.0,0.0,0.0,9564
2016-01-26 15:30:00,2016,1,26,15,30,2,0.0,0.0,0.0,9660
2016-01-26 16:00:00,2016,1,26,16,0,2,0.0,0.0,0.0,6924
2016-01-26 16:30:00,2016,1,26,16,30,2,0.0,0.0,0.0,8088
2016-01-26 17:00:00,2016,1,26,17,0,2,0.0,0.0,0.0,9036
2016-01-26 17:30:00,2016,1,26,17,30,2,0.0,0.0,0.0,9084
2016-01-26 18:00:00,2016,1,26,18,0,2,0.0,0.0,0.0,9480
2016-01-26 18:30:00,2016,1,26,18,30,2,0.0,0.0,0.0,8952
2016-01-26 19:00:00,2016,1,26,19,0,2,0.0,0.0,0.0,7872
2016-01-26 19:30:00,2016,1,26,19,30,2,0.0,0.0,0.0,6180
2016-01-26 20:00:00,2016,1,26,20,0,2,0.0,0.0,0.0,5652
2016-01-26 20:30:00,2016,1,26,20,30,2,0.0,0.0,0.0,5400
2016-01-26 21:00:00,2016,1,26,21,0,2,0.0,0.0,0.0,5388
2016-01-26 21:30:00,2016,1,26,21,30,2,0.0,0.0,0.0,4692
2016-01-26 22:00:00,2016,1,26,22,0,2,0.0,0.0,0.0,3756
2016-01-26 22:30:00,2016,1,26,22,30,2,0.0,0.0,0.0,3072
2016-01-26 23:00:00,2016,1,26,23,0,2,0.0,0.0,0.0,2532
2016-01-26 23:30:00,2016,1,26,23,30,2,0.0,0.0,0.0,1944
2016-01-27 00:00:00,2016,1,27,0,0,3,0.0,0.0,0.0,1416
2016-01-27 00:30:00,2016,1,27,0,30,3,0.0,0.0,0.0,1128
2016-01-27 01:00:00,2016,1,27,1,0,3,0.0,0.0,0.0,768
2016-01-27 01:30:00,2016,1,27,1,30,3,0.0,0.0,0.0,672
2016-01-27 02:00:00,2016,1,27,2,0,3,0.0,0.0,0.0,708
2016-01-27 02:30:00,2016,1,27,2,30,3,0.0,0.0,0.0,648
2016-01-27 03:00:00,2016,1,27,3,0,3,0.0,0.0,0.0,696
2016-01-27 03:30:00,2016,1,27,3,30,3,0.0,0.0,0.0,852
2016-01-27 04:00:00,2016,1,27,4,0,3,0.0,0.0,0.0,1200
2016-01-27 04:30:00,2016,1,27,4,30,3,0.0,0.0,0.0,1992
2016-01-27 05:00:00,2016,1,27,5,0,3,0.0,0.0,0.0,2616
2016-01-27 05:30:00,2016,1,27,5,30,3,0.0,0.0,0.0,4344
2016-01-27 06:00:00,2016,1,27,6,0,3,0.0,0.0,0.0,4896
2016-01-27 06:30:00,2016,1,27,6,30,3,0.0,0.0,0.0,6528
2016-01-27 07:00:00,2016,1,27,7,0,3,0.0,0.0,0.0,7272
2016-01-27 07:30:00,2016,1,27,7,30,3,0.0,0.0,0.0,8340
2016-01-27 08:00:00,2016,1,27,8,0,3,0.0,0.0,0.0,7620
2016-01-27 08:30:00,2016,1,27,8,30,3,0.0,0.0,0.0,7416
2016-01-27 09:00:00,2016,1,27,9,0,3,0.0,0.0,0.0,6684
2016-01-27 09:30:00,2016,1,27,9,30,3,0.0,0.0,0.0,6228
2016-01-27 10:00:00,2016,1,27,10,0,3,0.0,0.0,0.0,6348
2016-01-27 10:30:00,2016,1,27,10,30,3,0.0,0.0,0.0,6516
2016-01-27 11:00:00,2016,1,27,11,0,3,0.0,0.0,0.0,6828
2016-01-27 11:30:00,2016,1,27,11,30,3,0.0,0.0,0.0,7392
2016-01-27 12:00:00,2016,1,27,12,0,3,0.0,0.0,0.0,7488
2016-01-27 12:30:00,2016,1,27,12,30,3,0.0,0.0,0.0,7872
2016-01-27 13:00:00,2016,1,27,13,0,3,0.0,0.0,0.0,7728
2016-01-27 13:30:00,2016,1,27,13,30,3,0.0,0.0,0.0,8436
2016-01-27 14:00:00,2016,1,27,14,0,3,0.0,0.0,0.0,8424
2016-01-27 14:30:00,2016,1,27,14,30,3,0.0,0.0,0.0,9144
2016-01-27 15:00:00,2016,1,27,15,0,3,0.0,0.0,0.0,10092
2016-01-27 15:30:00,2016,1,27,15,30,3,0.0,0.0,0.0,9480
2016-01-27 16:00:00,2016,1,27,16,0,3,0.0,0.0,0.0,8952
2016-01-27 16:30:00,2016,1,27,16,30,3,0.0,0.0,0.0,9000
2016-01-27 17:00:00,2016,1,27,17,0,3,0.0,0.0,0.0,8460
2016-01-27 17:30:00,2016,1,27,17,30,3,0.0,0.0,0.0,8256
2016-01-27 18:00:00,2016,1,27,18,0,3,0.0,0.0,0.0,8412
2016-01-27 18:30:00,2016,1,27,18,30,3,0.0,0.0,0.0,8100
2016-01-27 19:00:00,2016,1,27,19,0,3,0.0,0.0,0.0,7860
2016-01-27 19:30:00,2016,1,27,19,30,3,0.0,0.0,0.0,6996
2016-01-27 20:00:00,2016,1,27,20,0,3,0.0,0.0,0.0,5880
2016-01-27 20:30:00,2016,1,27,20,30,3,0.0,0.0,0.0,5604
2016-01-27 21:00:00,2016,1,27,21,0,3,0.0,0.0,0.0,5340
2016-01-27 21:30:00,2016,1,27,21,30,3,0.0,0.0,0.0,4704
2016-01-27 22:00:00,2016,1,27,22,0,3,0.0,0.0,0.0,3972
2016-01-27 22:30:00,2016,1,27,22,30,3,0.0,0.0,0.0,3048
2016-01-27 23:00:00,2016,1,27,23,0,3,0.0,0.0,0.0,2688
2016-01-27 23:30:00,2016,1,27,23,30,3,0.0,0.0,0.0,2292
2016-01-28 00:00:00,2016,1,28,0,0,4,0.0,0.0,0.0,1524
2016-01-28 00:30:00,2016,1,28,0,30,4,0.0,0.0,0.0,1176
2016-01-28 01:00:00,2016,1,28,1,0,4,0.0,0.0,0.0,852
2016-01-28 01:30:00,2016,1,28,1,30,4,0.0,0.0,0.0,804
2016-01-28 02:00:00,2016,1,28,2,0,4,0.0,0.0,0.0,900
2016-01-28 02:30:00,2016,1,28,2,30,4,0.0,0.0,0.0,708
2016-01-28 03:00:00,2016,1,28,3,0,4,0.0,0.0,0.0,708
2016-01-28 03:30:00,2016,1,28,3,30,4,0.0,0.0,0.0,792
2016-01-28 04:00:00,2016,1,28,4,0,4,0.0,0.0,0.0,1200
2016-01-28 04:30:00,2016,1,28,4,30,4,0.0,0.0,0.0,1944
2016-01-28 05:00:00,2016,1,28,5,0,4,0.0,0.0,0.0,2664
2016-01-28 05:30:00,2016,1,28,5,30,4,0.0,0.0,0.0,4152
2016-01-28 06:00:00,2016,1,28,6,0,4,0.0,0.0,0.0,4728
2016-01-28 06:30:00,2016,1,28,6,30,4,0.0,0.0,0.0,6468
2016-01-28 07:00:00,2016,1,28,7,0,4,0.0,0.0,0.0,6720
2016-01-28 07:30:00,2016,1,28,7,30,4,0.0,0.0,0.0,8304
2016-01-28 08:00:00,2016,1,28,8,0,4,0.0,0.0,0.0,7296
2016-01-28 08:30:00,2016,1,28,8,30,4,0.0,0.0,0.0,6924
2016-01-28 09:00:00,2016,1,28,9,0,4,0.0,0.0,0.0,5964
2016-01-28 09:30:00,2016,1,28,9,30,4,0.0,0.0,0.0,6072
2016-01-28 10:00:00,2016,1,28,10,0,4,0.0,0.0,0.0,6060
2016-01-28 10:30:00,2016,1,28,10,30,4,0.0,0.0,0.0,6612
2016-01-28 11:00:00,2016,1,28,11,0,4,0.0,0.0,0.0,6552
2016-01-28 11:30:00,2016,1,28,11,30,4,0.0,0.0,0.0,7704
2016-01-28 12:00:00,2016,1,28,12,0,4,0.0,0.0,0.0,8040
2016-01-28 12:30:00,2016,1,28,12,30,4,0.0,0.0,0.0,7800
2016-01-28 13:00:00,2016,1,28,13,0,4,0.0,0.0,0.0,7632
2016-01-28 13:30:00,2016,1,28,13,30,4,0.0,0.0,0.0,8328
2016-01-28 14:00:00,2016,1,28,14,0,4,0.0,0.0,0.0,9168
2016-01-28 14:30:00,2016,1,28,14,30,4,0.0,0.0,0.0,9708
2016-01-28 15:00:00,2016,1,28,15,0,4,0.0,0.0,0.0,9792
2016-01-28 15:30:00,2016,1,28,15,30,4,0.0,0.0,0.0,9516
2016-01-28 16:00:00,2016,1,28,16,0,4,0.0,0.0,0.0,7464
2016-01-28 16:30:00,2016,1,28,16,30,4,0.0,0.0,0.0,8364
2016-01-28 17:00:00,2016,1,28,17,0,4,0.0,0.0,0.0,9132
2016-01-28 17:30:00,2016,1,28,17,30,4,0.0,0.0,0.0,8760
2016-01-28 18:00:00,2016,1,28,18,0,4,0.0,0.0,0.0,9132
2016-01-28 18:30:00,2016,1,28,18,30,4,0.0,0.0,0.0,9048
2016-01-28 19:00:00,2016,1,28,19,0,4,0.0,0.0,0.0,8364
2016-01-28 19:30:00,2016,1,28,19,30,4,0.0,0.0,0.0,6852
2016-01-28 20:00:00,2016,1,28,20,0,4,0.0,0.0,0.0,5976
2016-01-28 20:30:00,2016,1,28,20,30,4,0.0,0.0,0.0,5568
2016-01-28 21:00:00,2016,1,28,21,0,4,0.0,0.0,0.0,5400
2016-01-28 21:30:00,2016,1,28,21,30,4,0.0,0.0,0.0,4836
2016-01-28 22:00:00,2016,1,28,22,0,4,0.0,0.0,0.0,4176
2016-01-28 22:30:00,2016,1,28,22,30,4,0.0,0.0,0.0,3192
2016-01-28 23:00:00,2016,1,28,23,0,4,0.0,0.0,0.0,2904
2016-01-28 23:30:00,2016,1,28,23,30,4,0.0,0.0,0.0,2256
2016-01-29 00:00:00,2016,1,29,0,0,5,0.0,0.0,0.0,1716
2016-01-29 00:30:00,2016,1,29,0,30,5,0.0,0.0,0.0,1320
2016-01-29 01:00:00,2016,1,29,1,0,5,0.0,0.0,0.0,1068
2016-01-29 01:30:00,2016,1,29,1,30,5,0.0,0.0,0.0,900
2016-01-29 02:00:00,2016,1,29,2,0,5,0.0,0.0,0.0,804
2016-01-29 02:30:00,2016,1,29,2,30,5,0.0,0.0,0.0,792
2016-01-29 03:00:00,2016,1,29,3,0,5,0.0,0.0,0.0,720
2016-01-29 03:30:00,2016,1,29,3,30,5,0.0,0.0,0.0,864
2016-01-29 04:00:00,2016,1,29,4,0,5,0.0,0.0,0.0,1044
2016-01-29 04:30:00,2016,1,29,4,30,5,0.0,0.0,0.0,1836
2016-01-29 05:00:00,2016,1,29,5,0,5,0.0,0.0,0.0,2532
2016-01-29 05:30:00,2016,1,29,5,30,5,0.0,0.0,0.0,3876
2016-01-29 06:00:00,2016,1,29,6,0,5,0.0,0.0,0.0,4692
2016-01-29 06:30:00,2016,1,29,6,30,5,0.0,0.0,0.0,6192
2016-01-29 07:00:00,2016,1,29,7,0,5,0.0,0.0,0.0,6684
2016-01-29 07:30:00,2016,1,29,7,30,5,0.0,0.0,0.0,8004
2016-01-29 08:00:00,2016,1,29,8,0,5,0.0,0.0,0.0,7380
2016-01-29 08:30:00,2016,1,29,8,30,5,0.0,0.0,0.0,6804
2016-01-29 09:00:00,2016,1,29,9,0,5,0.0,0.0,0.0,6276
2016-01-29 09:30:00,2016,1,29,9,30,5,0.0,0.0,0.0,6192
2016-01-29 10:00:00,2016,1,29,10,0,5,0.0,0.0,0.0,6252
2016-01-29 10:30:00,2016,1,29,10,30,5,0.0,0.0,0.0,6624
2016-01-29 11:00:00,2016,1,29,11,0,5,0.0,0.0,0.0,6876
2016-01-29 11:30:00,2016,1,29,11,30,5,0.0,0.0,0.0,8352
2016-01-29 12:00:00,2016,1,29,12,0,5,0.0,0.0,0.0,8772
2016-01-29 12:30:00,2016,1,29,12,30,5,0.0,0.0,0.0,8760
2016-01-29 13:00:00,2016,1,29,13,0,5,0.0,0.0,0.0,8772
2016-01-29 13:30:00,2016,1,29,13,30,5,0.0,0.0,0.0,9744
2016-01-29 14:00:00,2016,1,29,14,0,5,0.0,0.0,0.0,9012
2016-01-29 14:30:00,2016,1,29,14,30,5,0.0,0.0,0.0,9456
2016-01-29 15:00:00,2016,1,29,15,0,5,0.0,0.0,0.0,9900
2016-01-29 15:30:00,2016,1,29,15,30,5,0.0,0.0,0.0,9600
2016-01-29 16:00:00,2016,1,29,16,0,5,0.0,0.0,0.0,9504
2016-01-29 16:30:00,2016,1,29,16,30,5,0.0,0.0,0.0,10080
2016-01-29 17:00:00,2016,1,29,17,0,5,0.0,0.0,0.0,9600
2016-01-29 17:30:00,2016,1,29,17,30,5,0.0,0.0,0.0,9744
2016-01-29 18:00:00,2016,1,29,18,0,5,0.0,0.0,0.0,9408
2016-01-29 18:30:00,2016,1,29,18,30,5,0.0,0.0,0.0,8976
2016-01-29 19:00:00,2016,1,29,19,0,5,0.0,0.0,0.0,7836
2016-01-29 19:30:00,2016,1,29,19,30,5,0.0,0.0,0.0,7308
2016-01-29 20:00:00,2016,1,29,20,0,5,0.0,0.0,0.0,6204
2016-01-29 20:30:00,2016,1,29,20,30,5,0.0,0.0,0.0,5736
2016-01-29 21:00:00,2016,1,29,21,0,5,0.0,0.0,0.0,5892
2016-01-29 21:30:00,2016,1,29,21,30,5,0.0,0.0,0.0,5604
2016-01-29 22:00:00,2016,1,29,22,0,5,0.0,0.0,0.0,4824
2016-01-29 22:30:00,2016,1,29,22,30,5,0.0,0.0,0.0,4596
2016-01-29 23:00:00,2016,1,29,23,0,5,0.0,0.0,0.0,3948
2016-01-29 23:30:00,2016,1,29,23,30,5,0.0,0.0,0.0,3384
2016-01-30 00:00:00,2016,1,30,0,0,6,0.0,0.0,0.0,2508
2016-01-30 00:30:00,2016,1,30,0,30,6,0.0,0.0,0.0,2052
2016-01-30 01:00:00,2016,1,30,1,0,6,0.0,0.0,0.0,1800
2016-01-30 01:30:00,2016,1,30,1,30,6,0.0,0.0,0.0,1644
2016-01-30 02:00:00,2016,1,30,2,0,6,0.0,0.0,0.0,1476
2016-01-30 02:30:00,2016,1,30,2,30,6,0.0,0.0,0.0,1320
2016-01-30 03:00:00,2016,1,30,3,0,6,0.0,0.0,0.0,1056
2016-01-30 03:30:00,2016,1,30,3,30,6,0.0,0.0,0.0,900
2016-01-30 04:00:00,2016,1,30,4,0,6,0.0,0.0,0.0,780
2016-01-30 04:30:00,2016,1,30,4,30,6,0.0,0.0,0.0,840
2016-01-30 05:00:00,2016,1,30,5,0,6,0.0,0.0,0.0,1032
2016-01-30 05:30:00,2016,1,30,5,30,6,0.0,0.0,0.0,1380
2016-01-30 06:00:00,2016,1,30,6,0,6,0.0,0.0,0.0,1896
2016-01-30 06:30:00,2016,1,30,6,30,6,0.0,0.0,0.0,2352
2016-01-30 07:00:00,2016,1,30,7,0,6,0.0,0.0,0.0,3048
2016-01-30 07:30:00,2016,1,30,7,30,6,0.0,0.0,0.0,3792
2016-01-30 08:00:00,2016,1,30,8,0,6,0.0,0.0,0.0,3888
2016-01-30 08:30:00,2016,1,30,8,30,6,0.0,0.0,0.0,5100
2016-01-30 09:00:00,2016,1,30,9,0,6,0.0,0.0,0.0,5508
2016-01-30 09:30:00,2016,1,30,9,30,6,0.0,0.0,0.0,6372
2016-01-30 10:00:00,2016,1,30,10,0,6,0.0,0.0,0.0,6852
2016-01-30 10:30:00,2016,1,30,10,30,6,0.0,0.0,0.0,7296
2016-01-30 11:00:00,2016,1,30,11,0,6,0.0,0.0,0.0,8016
2016-01-30 11:30:00,2016,1,30,11,30,6,0.0,0.0,0.0,8064
2016-01-30 12:00:00,2016,1,30,12,0,6,0.0,0.0,0.0,8532
2016-01-30 12:30:00,2016,1,30,12,30,6,0.0,0.0,0.0,8412
2016-01-30 13:00:00,2016,1,30,13,0,6,0.0,0.0,0.0,8400
2016-01-30 13:30:00,2016,1,30,13,30,6,0.0,0.0,0.0,8856
2016-01-30 14:00:00,2016,1,30,14,0,6,0.0,0.0,0.0,9384
2016-01-30 14:30:00,2016,1,30,14,30,6,0.0,0.0,0.0,9504
2016-01-30 15:00:00,2016,1,30,15,0,6,0.0,0.0,0.0,9492
2016-01-30 15:30:00,2016,1,30,15,30,6,0.0,0.0,0.0,9432
2016-01-30 16:00:00,2016,1,30,16,0,6,0.0,0.0,0.0,9180
2016-01-30 16:30:00,2016,1,30,16,30,6,0.0,0.0,0.0,9288
2016-01-30 17:00:00,2016,1,30,17,0,6,0.0,0.0,0.0,9132
2016-01-30 17:30:00,2016,1,30,17,30,6,0.0,0.0,0.0,8808
2016-01-30 18:00:00,2016,1,30,18,0,6,0.0,0.0,0.0,8040
2016-01-30 18:30:00,2016,1,30,18,30,6,0.0,0.0,0.0,7704
2016-01-30 19:00:00,2016,1,30,19,0,6,0.0,0.0,0.0,6924
2016-01-30 19:30:00,2016,1,30,19,30,6,0.0,0.0,0.0,6204
2016-01-30 20:00:00,2016,1,30,20,0,6,0.0,0.0,0.0,5556
2016-01-30 20:30:00,2016,1,30,20,30,6,0.0,0.0,0.0,4812
2016-01-30 21:00:00,2016,1,30,21,0,6,0.0,0.0,0.0,5064
2016-01-30 21:30:00,2016,1,30,21,30,6,0.0,0.0,0.0,5280
2016-01-30 22:00:00,2016,1,30,22,0,6,0.0,0.0,0.0,5004
2016-01-30 22:30:00,2016,1,30,22,30,6,0.0,0.0,0.0,4332
2016-01-30 23:00:00,2016,1,30,23,0,6,0.0,0.0,0.0,3840
2016-01-30 23:30:00,2016,1,30,23,30,6,0.0,0.0,0.0,3228
2016-01-31 00:00:00,2016,1,31,0,0,7,0.0,0.0,0.0,2484
2016-01-31 00:30:00,2016,1,31,0,30,7,0.0,0.0,0.0,2124
2016-01-31 01:00:00,2016,1,31,1,0,7,0.0,0.0,0.0,1752
2016-01-31 01:30:00,2016,1,31,1,30,7,0.0,0.0,0.0,1524
2016-01-31 02:00:00,2016,1,31,2,0,7,0.0,0.0,0.0,1464
2016-01-31 02:30:00,2016,1,31,2,30,7,0.0,0.0,0.0,1272
2016-01-31 03:00:00,2016,1,31,3,0,7,0.0,0.0,0.0,1080
2016-01-31 03:30:00,2016,1,31,3,30,7,0.0,0.0,0.0,792
2016-01-31 04:00:00,2016,1,31,4,0,7,0.0,0.0,0.0,612
2016-01-31 04:30:00,2016,1,31,4,30,7,0.0,0.0,0.0,600
2016-01-31 05:00:00,2016,1,31,5,0,7,0.0,0.0,0.0,660
2016-01-31 05:30:00,2016,1,31,5,30,7,0.0,0.0,0.0,924
2016-01-31 06:00:00,2016,1,31,6,0,7,0.0,0.0,0.0,1272
2016-01-31 06:30:00,2016,1,31,6,30,7,0.0,0.0,0.0,1584
2016-01-31 07:00:00,2016,1,31,7,0,7,0.0,0.0,0.0,2028
2016-01-31 07:30:00,2016,1,31,7,30,7,0.0,0.0,0.0,2376
2016-01-31 08:00:00,2016,1,31,8,0,7,0.0,0.0,0.0,2544
2016-01-31 08:30:00,2016,1,31,8,30,7,0.0,0.0,0.0,3276
2016-01-31 09:00:00,2016,1,31,9,0,7,0.0,0.0,0.0,3792
2016-01-31 09:30:00,2016,1,31,9,30,7,0.0,0.0,0.0,5100
2016-01-31 10:00:00,2016,1,31,10,0,7,0.0,0.0,0.0,5628
2016-01-31 10:30:00,2016,1,31,10,30,7,0.0,0.0,0.0,6192
2016-01-31 11:00:00,2016,1,31,11,0,7,0.0,0.0,0.0,6852
2016-01-31 11:30:00,2016,1,31,11,30,7,0.0,0.0,0.0,7392
2016-01-31 12:00:00,2016,1,31,12,0,7,0.0,0.0,0.0,7812
2016-01-31 12:30:00,2016,1,31,12,30,7,0.0,0.0,0.0,8388
2016-01-31 13:00:00,2016,1,31,13,0,7,0.0,0.0,0.0,8052
2016-01-31 13:30:00,2016,1,31,13,30,7,0.0,0.0,0.0,8664
2016-01-31 14:00:00,2016,1,31,14,0,7,0.0,0.0,0.0,8904
2016-01-31 14:30:00,2016,1,31,14,30,7,0.0,0.0,0.0,8400
2016-01-31 15:00:00,2016,1,31,15,0,7,0.0,0.0,0.0,8724
2016-01-31 15:30:00,2016,1,31,15,30,7,0.0,0.0,0.0,8448
2016-01-31 16:00:00,2016,1,31,16,0,7,0.0,0.0,0.0,8364
2016-01-31 16:30:00,2016,1,31,16,30,7,0.0,0.0,0.0,8364
2016-01-31 17:00:00,2016,1,31,17,0,7,0.0,0.0,0.0,7860
2016-01-31 17:30:00,2016,1,31,17,30,7,0.0,0.0,0.0,7404
2016-01-31 18:00:00,2016,1,31,18,0,7,0.0,0.0,0.0,7164
2016-01-31 18:30:00,2016,1,31,18,30,7,0.0,0.0,0.0,6396
2016-01-31 19:00:00,2016,1,31,19,0,7,0.0,0.0,0.0,6036
2016-01-31 19:30:00,2016,1,31,19,30,7,0.0,0.0,0.0,5712
2016-01-31 20:00:00,2016,1,31,20,0,7,0.0,0.0,0.0,5220
2016-01-31 20:30:00,2016,1,31,20,30,7,0.0,0.0,0.0,4560
2016-01-31 21:00:00,2016,1,31,21,0,7,0.0,0.0,0.0,4368
2016-01-31 21:30:00,2016,1,31,21,30,7,0.0,0.0,0.0,3672
2016-01-31 22:00:00,2016,1,31,22,0,7,0.0,0.0,0.0,3564
2016-01-31 22:30:00,2016,1,31,22,30,7,0.0,0.0,0.0,2820
2016-01-31 23:00:00,2016,1,31,23,0,7,0.0,0.0,0.0,2412
2016-01-31 23:30:00,2016,1,31,23,30,7,0.0,0.0,0.0,1824
